,isin,ccy,assetId,strategyName,secGroup,secType,cpn,posSource,baseCcy,krd10y,krd15y,krd20y,krd25y,krd30y,krd1y,krd2y,krd3m,krd3y,krd40y,krd50y,krd5y,krd7y,oad,oas,spreadDur,issuerCountry,countryRisk,issuerId,issuerLongName,issuerShortName,issuerTicker,portfolioName,fund_posQuantity,maturity,minTradeIncrement,minTradeSize,fund_orderStatus,fund_enriched.mktValue,fund_enriched.notionalMktValue,enriched.cashladder_tCashBalance,enriched.cashladder_tPlus1CashBalance,enriched.cashladder_tPlus2CashBalance,enriched.cashladder_tPlus3CashBalance,enriched.cashladder_tPlus4CashBalance,enriched.cashladder_tPlus5CashBalance,enriched.cashladder_tPlus6CashBalance,enriched.cashladder_tPlus7CashBalance,enriched.cashladder_tPlus30CashBalance,enriched.cashladder_tPlus60CashBalance,enriched.cashladder_tPlus90CashBalance,fund_enriched.intraday_portfolioNAV,fund_enriched.pmv,enriched.pmv_active,fund_enriched.dc,enriched.dc_active,fund_enriched.dxsCtr,enriched.dxsCtr_active,fund_enriched.krd3mCtr,enriched.krd3mCtr_active,fund_enriched.krd1yCtr,enriched.krd1yCtr_active,fund_enriched.krd2yCtr,enriched.krd2yCtr_active,fund_enriched.krd3yCtr,enriched.krd3yCtr_active,fund_enriched.krd5yCtr,enriched.krd5yCtr_active,fund_enriched.krd7yCtr,enriched.krd7yCtr_active,fund_enriched.krd10yCtr,enriched.krd10yCtr_active,fund_enriched.krd15yCtr,enriched.krd15yCtr_active,fund_enriched.krd20yCtr,enriched.krd20yCtr_active,fund_enriched.krd25yCtr,enriched.krd25yCtr_active,fund_enriched.krd30yCtr,enriched.krd30yCtr_active,fund_enriched.krd40yCtr,enriched.krd40yCtr_active,fund_enriched.krd50yCtr,enriched.krd50yCtr_active,sodraw.ticker,sodraw.issueDate,sodraw.structure,sodraw.countryCode,sodraw.filterLevel1,sodraw.filterLevel2,sodraw.filterLevel3,sodraw.filterLevel4,sodraw.nextCallDate,sodraw.putCall,sodraw.securityMasterKey.id,sodraw.pathVngcoreCCYFilterLevel1,sodraw.pathVngcoreCCYFilterLevel2,sodraw.pathVngcoreCCYFilterLevel3,sodraw.pathVngcoreCCYFilterLevel4,sodraw.pathVngcoreCCYFilterLevel5,sodraw.pathVngcoreCCYFilterLevel6,sodraw.pathVngcoreCCYFilterLevel7,sodraw.pathVngcoreCCYFilterLevel8,sodraw.pathVngcoreCCYFilterLevel9,sodraw.pathVngcoreCCYFilterLevel10,sodraw.pathVngcoreCCYFilterLevel11,sodraw.pathHUBGLOBNOSTRAT1,sodraw.pathHUBGLOBNOSTRAT2,sodraw.pathHUBGLOBNOSTRAT3,sodraw.pathHUBGLOBNOSTRAT4,sodraw.pathHUBGLOBNOSTRAT5,enriched.creditQualityBuckets,enriched.corpActions.usageType,enriched.tsyRV.bb_spread_to_spline_cubic,enriched.tsyRV.bb_3m_zscore_sp_spline_cubic,enriched.tsyRV.spline_range,enriched.tsyRV.rtn,enriched.tsyRV.expected_move,enriched.tsyRV.asset_swap_spd_mid,enriched.tsyRV.asw_range,enriched.creditRV.CusipRvSignal1m,enriched.creditRV.Rec3m,enriched.creditRV.CusipRvSignalVsBenchmark1y,enriched.creditRV.CusipRvSignal3m,enriched.creditRV.CusipRvSignalVsBenchmark2y,enriched.creditRV.CusipRvSignal6m,enriched.creditRV.CusipRvSignal10d,enriched.creditRV.CusipRvSignalVsBenchmark1m,enriched.creditRV.CusipRvSignal1y,enriched.creditRV.CusipRvSignalVsBenchmark3m,enriched.creditRV.CusipRvSignalVsBenchmark6m,enriched.creditRV.CusipRvSignal2y,enriched.creditRV.AmountOutstandingHolding3m,enriched.creditRV.CusipRvSignalVsBenchmark10d,enriched.creditRV.RoverTicker3m,enriched.otr_roll.SpecialStatusCTD,enriched.otr_roll.SpecialStatusOTR,enriched.otr_roll.OTR,enriched.MktxLiqScore,bench_posQuantity,bench_enriched.pmv,bench_enriched.dc,bench_enriched.dxsCtr,bench_enriched.krd3mCtr,bench_enriched.krd1yCtr,bench_enriched.krd2yCtr,bench_enriched.krd3yCtr,bench_enriched.krd5yCtr,bench_enriched.krd7yCtr,bench_enriched.krd10yCtr,bench_enriched.krd15yCtr,bench_enriched.krd20yCtr,bench_enriched.krd25yCtr,bench_enriched.krd30yCtr,bench_enriched.krd40yCtr,bench_enriched.krd50yCtr,price,basket.megaFactor,basket.unitSz,positionAttributes.elements.customsecurityInoutbenchmark,positionAttributes.elements.forwardPositionExclusionFlag,positionAttributes.elements.optimizerDefaultPositions,basketPosition.requestQuantity,positionAttributes.elements.customCUSIPCapacity,exclusionCriteria,exclusion.excluded,corporateActionCriteria,portfolioAttributes.elements.dividendAdjustedETFNAV,positionAttributes.elements.dynamicFundUnscaledOrgFace,positionAttributes.elements.benchmarkIssuerMV,security.amountIssued.amountIssued,idmData.amtOutstanding,idmData.firstSettleDt,security.elements.countryGrouping,security.elements.creditQualityBuckets,security.elements.eMDM,security.elements.newIssueCheckMonth,security.elements.normalizedRating,security.elements.normalizedCreditRating,figId,securityMaster.cusip,fund_authactivetrades,EnteringFwdBm,ExitingFwdBm,InFwdBm,fund_sinkfactor,future,short_sell,fund_fx,ER (before qty),dxs,enriched.FundType,Max Key Rate,Maturity Years,Call Years,Issue Years,Effective Mat. Years,Bench or < 1y,regionAll,Hedge - SecType,ccy group,Large Issuer,FndvsBmk Other Issuer %MV,Credit Rover +/- Z Score,Credit Rover over/under -1.5 Z Score,o_ccy,o_emdm,o_l1,o_l2,o_l3,o_l4,o_issuer,o_rat,o_crv,bvb.pmv,trades.pmv,fund_enriched.fund.pmv,bvb.dc,trades.dc,fund_enriched.fund.dc,exp_er_bvb,trades_exp_er,fund_exp_er,fund_exp_er.fund,bench_exp_er,expected_er_diff,bvb.dxsCtr,trades.dxsCtr,fund_enriched.fund.dxsCtr,bvb.krd3mCtr,trades.ctrkrd3m,fund_enriched.fund.krd3mCtr,bvb.krd1yCtr,trades.ctrkrd1y,fund_enriched.fund.krd1yCtr,bvb.krd2yCtr,trades.ctrkrd2y,fund_enriched.fund.krd2yCtr,bvb.krd3yCtr,trades.ctrkrd3y,fund_enriched.fund.krd3yCtr,bvb.krd5yCtr,trades.ctrkrd5y,fund_enriched.fund.krd5yCtr,bvb.krd7yCtr,trades.ctrkrd7y,fund_enriched.fund.krd7yCtr,bvb.krd10yCtr,trades.ctrkrd10y,fund_enriched.fund.krd10yCtr,bvb.krd15yCtr,trades.ctrkrd15y,fund_enriched.fund.krd15yCtr,bvb.krd20yCtr,trades.ctrkrd20y,fund_enriched.fund.krd20yCtr,bvb.krd25yCtr,trades.ctrkrd25y,fund_enriched.fund.krd25yCtr,bvb.krd30yCtr,trades.ctrkrd30y,fund_enriched.fund.krd30yCtr,bvb.krd40yCtr,trades.ctrkrd40y,fund_enriched.fund.krd40yCtr,bvb.krd50yCtr,trades.ctrkrd50y,fund_enriched.fund.krd50yCtr,Large Issuer_new,issuerTicker_new,sodraw.filterLevel1_new,sodraw.filterLevel3_new,sodraw.filterLevel4_new,security.elements.creditQualityBuckets_new,security.elements.normalizedRating_new,sodraw.filterLevel2_new,assetId_new,main_key
75,US020002BJ95,USD,020002BJ9,Unassigned,BND,CORP,1.45,EOD,USD,0,0,0,0,0,0.015269216,0.030919075,0.0038107,0.072711285,0,0,2.431690271,3.152493023,5.706893571,76.67329707,5.818055614,United States,United States,017900,ALLSTATE CORPORATION (THE),ALLSTATE CORP,ALL,VCIT,19016000,2030-12-15T00:00:00,1000,2000,Other,15691879.28,15691879.28,0,0,0,0,0,0,0,0,0,0,0,50738332687,0.000309271,6.15541E-05,0.001764975,0.000351283,0.137962411,0.027458624,1.17854E-06,2.34564E-07,4.72232E-06,9.39882E-07,9.56236E-06,1.90319E-06,2.24875E-05,4.47568E-06,0.000752051,0.00014968,0.000974974,0.000194049,0,0,0,0,0,0,0,0,0,0,0,0,0,0,ALL,2020-11-24T00:00:00,SENIOR,US,Investment Grade Credit,Financial,Insurance,P&C,2030-09-15T00:00:00,C,020002BJ9,Cash Bond,USD,Developed,Investment Grade Credit,Financial,Insurance,P&C,BBB Rated,United States,ALL,SENIOR,North America Corp,Financial,Insurance,P&C,ALLSTATE CORPORATION (THE),BBB,Other,0,0,0,0,0,0,0,-0.806,Outperform,0.4278,-0.5938,0.519,-0.8507,-0.7222,-0.4267,-0.3521,-0.3965,-0.638,-0.2309,600000,0.2306,ALL,Other,Other,Other,7,600000,0.000247717,0.001413692,0.110503787,9.43974E-07,3.78244E-06,7.65917E-06,1.80118E-05,0.00060237,0.000780925,0,0,0,0,0,0,0,82.51934833,2,100000,FALSE,FALSE,0,150000,22212862.55,FALSE,FALSE,FALSE,81.83,19071000,0.000796968,600000000,600000000,2020-11-24T00:00:00.000Z,US,BBB,Developed,Secondary Exposure,BBB,BBB,FIG_020002BJ9,020002BJ9,0,False,False,True,1,1,0,1,-0.000448,446.0895065,OTHER,krd7y,6.138261465,5.889117043,3.917864476,5.889117043,True,VGI,Cash Bonds,USD,N,0.000169978,Negative,Z-score > -1.5,USD,Developed,Investment Grade Credit,Financial,Insurance,P&C,ALL__017900__Senior,BBB,Insurance,0,0,0.000309271,0,0,0.001764975,0,0,0,0,0,0,0,0,0.137962411,0,0,1.17854E-06,0,0,4.72232E-06,0,0,9.56236E-06,0,0,2.24875E-05,0,0,0.000752051,0,0,0.000974974,0,0,0,0,0,0,0,0,0,0,0,0,0,0,0,0,0,0,0,0,0,N,ALL,Investment Grade Credit,Insurance,P&C,BBB,BBB,Financial,020002BJ9,VCIT | VCIT (bench)
127,US026874DS37,USD,026874DS3,Unassigned,BND,CORP,5.125,EOD,USD,2.472365323,0,0,0,0,0.044237423,0.089144929,0.009329432,0.209734461,0,0,0.386098821,3.501265233,6.712175622,87.80703307,6.835010196,United States,United States,026741,AMERICAN INTERNATIONAL GROUP INC,AMERICAN INTERNATIONAL GROUP INC,AIG,VCIT,24360000,2033-03-27T00:00:00,1000,2000,Other,24555329.12,24555329.12,0,0,0,0,0,0,0,0,0,0,0,50738332687,0.00048396,0.000105711,0.003248425,0.000709553,0.290454452,0.063443952,4.51507E-06,9.86227E-07,2.14091E-05,4.6764E-06,4.31426E-05,9.42363E-06,0.000101503,2.21713E-05,0.000186856,4.0815E-05,0.001694473,0.000370124,0.001196526,0.000261357,0,0,0,0,0,0,0,0,0,0,0,0,AIG,2023-03-27T00:00:00,SENIOR,US,Investment Grade Credit,Financial,Insurance,P&C,2032-12-27T00:00:00,C,026874DS3,Cash Bond,USD,Developed,Investment Grade Credit,Financial,Insurance,P&C,BBB Rated,United States,AIG,SENIOR,North America Corp,Financial,Insurance,P&C,AMERICAN INTERNATIONAL GROUP INC,BBB,Other,0,0,0,0,0,0,0,0,Underperform,1.1246,0,1.2589,0,0,2.6125,0,1.8355,2.057,0,750000,2.0292,AIG,Other,Other,Other,7,750000,0.000378249,0.002538872,0.2270105,3.52885E-06,1.67327E-05,3.3719E-05,7.93318E-05,0.000146041,0.001324349,0.000935169,0,0,0,0,0,0,100.8018437,2,100000,FALSE,FALSE,0,150000,19904013.83,FALSE,FALSE,FALSE,81.83,24475000,0.000537865,750000000,750000000,2023-03-27T00:00:00.000Z,US,BBB,Developed,Secondary Exposure,BBB,BBB,FIG_026874DS3,026874DS3,0,False,False,True,1,1,0,1,4.59084E-09,600.1619663,OTHER,krd7y,8.41889117,8.1724846,1.582477755,8.1724846,True,VGI,Cash Bonds,USD,N,0.000133849,Positive,Z-score > -1.5,USD,Developed,Investment Grade Credit,Financial,Insurance,P&C,AIG__026741__Senior,BBB,Insurance,0,0,0.00048396,0,0,0.003248425,0,0,0,0,0,0,0,0,0.290454452,0,0,4.51507E-06,0,0,2.14091E-05,0,0,4.31426E-05,0,0,0.000101503,0,0,0.000186856,0,0,0.001694473,0,0,0.001196526,0,0,0,0,0,0,0,0,0,0,0,0,0,0,0,0,0,0,N,AIG,Investment Grade Credit,Insurance,P&C,BBB,BBB,Financial,026874DS3,VCIT | VCIT (bench)
360,US081437AT26,USD,081437AT2,Unassigned,BND,CORP,2.63,EOD,USD,0,0,0,0,0,0.025433763,0.051755706,0.00644761,0.121698486,0,0,3.352259495,1.525565572,5.083160631,90.23272594,5.176137437,United States,United States,R49498,AMCOR FLEXIBLES NORTH AMERICA INC,AMCOR FLEXIBLES NORTH AMERICA INC,AMCR,VCIT,9994000,2030-06-19T00:00:00,1000,2000,Other,8928641.308,8928641.308,0,0,0,0,0,0,0,0,0,0,0,50738332687,0.000175974,-4.75186E-05,0.000894506,-0.000241545,0.082190015,-0.022193879,1.13461E-06,-3.06381E-07,4.47569E-06,-1.20858E-06,9.10767E-06,-2.45936E-06,2.14158E-05,-5.78294E-06,0.000589911,-0.000159295,0.00026846,-7.24927E-05,0,0,0,0,0,0,0,0,0,0,0,0,0,0,AMCR,2020-06-19T00:00:00,SENIOR,US,Investment Grade Credit,Industrial,Capital Goods,Packaging,2030-03-19T00:00:00,C,081437AT2,Cash Bond,USD,Developed,Investment Grade Credit,Industrial,Capital Goods,Packaging,BBB Rated,United States,AMCR,SENIOR,North America Corp,Industrial,Capital Goods,Packaging,AMCOR PLC,BBB,Other,0,0,0,0,0,0,0,-0.269,Not Rated,-1.1888,-0.2098,-1.1444,0.0503,-0.1282,-0.6395,-0.4612,-0.9907,-1.1958,-0.6054,500000,0.6065,AMCR,Other,Other,Other,5,500000,0.000223493,0.00113605,0.104383894,1.44099E-06,5.68426E-06,1.1567E-05,2.71987E-05,0.000749206,0.000340953,0,0,0,0,0,0,0,89.34001709,2,100000,FALSE,FALSE,0,150000,27662483.07,FALSE,FALSE,FALSE,81.83,10139000,0.000838758,500000000,500000000,2020-06-19T00:00:00.000Z,US,BBB,Developed,Secondary Exposure,BBB,BBB,FIG_081437AT2,081437AT2,0,False,False,True,1,1,0,1,-7.94784E-05,467.0569907,OTHER,krd5y,5.648186174,5.396303901,4.350444901,5.396303901,True,VGI,Cash Bonds,USD,N,-1.19409E-06,Negative,Z-score > -1.5,USD,Developed,Investment Grade Credit,Industrial,Capital Goods,Packaging,AMCR__R49498__Senior,BBB,Capital Goods,0,0,0.000175974,0,0,0.000894506,0,0,0,0,0,0,0,0,0.082190015,0,0,1.13461E-06,0,0,4.47569E-06,0,0,9.10767E-06,0,0,2.14158E-05,0,0,0.000589911,0,0,0.00026846,0,0,0,0,0,0,0,0,0,0,0,0,0,0,0,0,0,0,0,0,0,N,AMCR,Investment Grade Credit,Capital Goods,Packaging,BBB,BBB,Industrial,081437AT2,VCIT | VCIT (bench)
389,US097023CJ22,USD,097023CJ2,Unassigned,BND,CORP,3.6,EOD,USD,5.488513177,0,0,0,0,0.036391635,0.072494295,0.007260147,0.169188192,0,0,0.307605535,1.553997567,7.635450549,162.1958047,7.783057532,United States,United States,097023,BOEING CO,BOEING CO,BA,VCIT,17115000,2034-05-01T00:00:00,1000,2000,Other,14640540.86,14640540.86,0,0,0,0,0,0,0,0,0,0,0,50738332687,0.00028855,-7.52372E-05,0.002203208,-0.00057447,0.364259416,-0.094977842,2.09491E-06,-5.46233E-07,1.05008E-05,-2.738E-06,2.09182E-05,-5.45427E-06,4.88192E-05,-1.27292E-05,8.87595E-05,-2.31434E-05,0.000448406,-0.000116918,0.00158371,-0.00041294,0,0,0,0,0,0,0,0,0,0,0,0,BA,2019-05-02T00:00:00,SENIOR,US,Investment Grade Credit,Industrial,Capital Goods,Aerospace/Defense,2034-02-01T00:00:00,C,097023CJ2,Cash Bond,USD,Developed,Investment Grade Credit,Industrial,Capital Goods,Aerospace/Defense,BBB Rated,United States,BA,SENIOR,North America Corp,Industrial,Capital Goods,Aerospace/Defense,BOEING CO,BBB,Other,0,0,0,0,0,0,0,2.0511,Marketperform,0.6473,1.9718,0.8207,1.5831,1.2417,1.5728,1.6759,0.2748,0.1195,0.9952,850000,0.8509,BA,Other,Other,Other,8,850000,0.000363787,0.002777678,0.459237258,2.64115E-06,1.32388E-05,2.63725E-05,6.15485E-05,0.000111903,0.000565324,0.00199665,0,0,0,0,0,0,85.542161,2,100000,FALSE,FALSE,0,65000,29145103.5,FALSE,FALSE,FALSE,81.83,17180000,0.005726479,850000000,850000000,2019-05-02T00:00:00.000Z,US,BBB,Developed,Secondary Exposure,BBB,BBB,FIG_097023CJ2,097023CJ2,0,False,False,True,1,1,0,1,0.003929812,1262.37928,OTHER,krd10y,9.514031485,9.270362765,5.483915127,9.270362765,True,VGI,Cash Bonds,USD,Y,0,Positive,Z-score > -1.5,USD,Developed,Investment Grade Credit,Industrial,Capital Goods,Aerospace/Defense,BA__097023__Senior,BBB,Capital Goods,0,0,0.00028855,0,0,0.002203208,0,0,0,0,0,0,0,0,0.364259416,0,0,2.09491E-06,0,0,1.05008E-05,0,0,2.09182E-05,0,0,4.88192E-05,0,0,8.87595E-05,0,0,0.000448406,0,0,0.00158371,0,0,0,0,0,0,0,0,0,0,0,0,0,0,0,0,0,0,Y,BA,Investment Grade Credit,Capital Goods,Aerospace/Defense,BBB,BBB,Industrial,097023CJ2,VCIT | VCIT (bench)
509,US13645RAD61,USD,13645RAD6,Unassigned,BND,CORP,7.125,EOD,USD,0,0,0,0,0,0.055105322,0.110781472,0.010165001,0.259956242,0,0,0.500597849,4.651222222,5.587828107,73.06032053,5.702319156,Canada,Canada,136447,CANADIAN PACIFIC RAILWAY COMPANY,CANADIAN PACIFIC RAILWAY COMPANY,CP,VCIT,13813000,2031-10-15T00:00:00,1000,1000,Other,15677077.44,15677077.44,0,0,0,0,0,0,0,0,0,0,0,50738332687,0.000308979,0.000110236,0.001726521,0.000615978,0.128724735,0.045925648,3.14077E-06,1.12055E-06,1.70264E-05,6.07457E-06,3.42291E-05,1.22121E-05,8.0321E-05,2.86565E-05,0.000154674,5.51837E-05,0.00143713,0.000512731,0,0,0,0,0,0,0,0,0,0,0,0,0,0,CP,2001-10-30T00:00:00,SENIOR,CA,Investment Grade Credit,Industrial,Transportation,Railroads,NaT,Other,13645RAD6,Cash Bond,USD,Developed,Investment Grade Credit,Industrial,Transportation,Railroads,BBB Rated,Canada,CP,SENIOR,North America Corp,Industrial,Transportation,Railroads,CANADIAN PACIFIC KANSAS CITY,BBB,Other,0,0,0,0,0,0,0,-0.5135,Marketperform,0.4972,0.0932,0.7165,0.2415,-0.3906,0.4931,0.1983,0.3592,0.5981,-0.539,350000,2.0035,CP,Other,Other,Other,1,350000,0.000198743,0.001110543,0.082799087,2.02023E-06,1.09518E-05,2.20171E-05,5.16646E-05,9.94905E-05,0.000924399,0,0,0,0,0,0,0,113.4950948,2,100000,FALSE,FALSE,0,300000,19651257.41,FALSE,FALSE,FALSE,81.83,13933000,0.001224739,350000000,350000000,2001-10-30T00:00:00.000Z,Canada,BBB,Developed,Secondary Exposure,BBB,BBB,FIG_13645RAD6,13645RAD6,0,False,False,True,1,1,0,1,0.000136379,416.6132653,OTHER,krd7y,6.970568104,,22.98699521,6.970568104,True,VGI,Cash Bonds,USD,N,0.000132609,Positive,Z-score > -1.5,USD,Developed,Investment Grade Credit,Industrial,Transportation,Railroads,CP__136447__Senior,BBB,Transportation,0,0,0.000308979,0,0,0.001726521,0,0,0,0,0,0,0,0,0.128724735,0,0,3.14077E-06,0,0,1.70264E-05,0,0,3.42291E-05,0,0,8.0321E-05,0,0,0.000154674,0,0,0.00143713,0,0,0,0,0,0,0,0,0,0,0,0,0,0,0,0,0,0,0,0,0,N,CP,Investment Grade Credit,Transportation,Railroads,BBB,BBB,Industrial,13645RAD6,VCIT | VCIT (bench)
510,US13645RBF01,USD,13645RBF0,Unassigned,BND,CORP,2.45,EOD,USD,0.203802575,0,0,0,0,0.024489303,0.049576533,0.005755501,0.116568329,0,0,0.270207041,5.615139512,6.285538794,59.03924079,6.402137472,Canada,Canada,136447,CANADIAN PACIFIC RAILWAY COMPANY,CANADIAN PACIFIC RAILWAY COMPANY,CP,VCIT,36122000,2031-12-02T00:00:00,1000,2000,Other,31562364.69,31562364.69,0,0,0,0,0,0,0,0,0,0,0,50738332687,0.000622062,1.00299E-05,0.003909992,6.30431E-05,0.235125159,0.003791059,3.58028E-06,5.77269E-08,1.52339E-05,2.45624E-07,3.08397E-05,4.97246E-07,7.25127E-05,1.16916E-06,0.000168085,2.71014E-06,0.003492962,5.6319E-05,0.000126778,2.04411E-06,0,0,0,0,0,0,0,0,0,0,0,0,CP,2021-12-02T00:00:00,SENIOR,CA,Investment Grade Credit,Industrial,Transportation,Railroads,2031-09-02T00:00:00,C,13645RBF0,Cash Bond,USD,Developed,Investment Grade Credit,Industrial,Transportation,Railroads,BBB Rated,Canada,CP,SENIOR,North America Corp,Industrial,Transportation,Railroads,CANADIAN PACIFIC KANSAS CITY,BBB,Other,0,0,0,0,0,0,0,1.4197,Marketperform,1.9017,1.3878,1.1098,1.3878,0.7178,1.7698,1.3878,1.9017,1.9017,0.5915,1400000,1.9458,CP,Other,Other,Other,6,1400000,0.000612032,0.003846949,0.2313341,3.52255E-06,1.49882E-05,3.03424E-05,7.13435E-05,0.000165375,0.003436643,0.000124734,0,0,0,0,0,0,87.37712389,2,100000,FALSE,FALSE,0,205000,24834771.82,FALSE,FALSE,FALSE,81.83,36172000,0.001224739,1400000000,1400000000,2021-12-02T00:00:00.000Z,Canada,BBB,Developed,Secondary Exposure,BBB,BBB,FIG_13645RBF0,13645RBF0,0,False,False,True,1,1,0,1,0.000716093,377.9773357,OTHER,krd7y,7.101984942,6.85284052,2.896646133,6.85284052,True,VGI,Cash Bonds,USD,N,0.000132609,Positive,Z-score > -1.5,USD,Developed,Investment Grade Credit,Industrial,Transportation,Railroads,CP__136447__Senior,BBB,Transportation,0,0,0.000622062,0,0,0.003909992,0,0,0,0,0,0,0,0,0.235125159,0,0,3.58028E-06,0,0,1.52339E-05,0,0,3.08397E-05,0,0,7.25127E-05,0,0,0.000168085,0,0,0.003492962,0,0,0.000126778,0,0,0,0,0,0,0,0,0,0,0,0,0,0,0,0,0,0,N,CP,Investment Grade Credit,Transportation,Railroads,BBB,BBB,Industrial,13645RBF0,VCIT | VCIT (bench)
526,US14448CBC73,USD,14448CBC7,Unassigned,BND,CORP,5.9,EOD,USD,4.369314778,0,0,0,0,0.0477362,0.09710251,0.011209766,0.227369448,0,0,0.420030966,1.96245454,7.135218208,91.11271376,7.267382542,United States,United States,K15620,CARRIER GLOBAL CORP,CARRIER GLOBAL CORP,CARR,VCIT,20076000,2034-03-15T00:00:00,1000,2000,Other,21351230.42,21351230.42,0,0,0,0,0,0,0,0,0,0,0,50738332687,0.000420811,-4.34287E-05,0.003002576,-0.000309874,0.278640165,-0.02875638,4.71719E-06,-4.86826E-07,2.00879E-05,-2.07312E-06,4.08618E-05,-4.21704E-06,9.56795E-05,-9.87437E-06,0.000176754,-1.82414E-05,0.000825822,-8.52269E-05,0.001838654,-0.000189754,0,0,0,0,0,0,0,0,0,0,0,0,CARR,2024-02-21T00:00:00,SENIOR,US,Investment Grade Credit,Industrial,Capital Goods,Diversified Manufacturing,2033-12-15T00:00:00,C,14448CBC7,Cash Bond,USD,Developed,Investment Grade Credit,Industrial,Capital Goods,Diversified Manufacturing,BBB Rated,United States,CARR,SENIOR,North America Corp,Industrial,Capital Goods,Diversified Manufacturing,CARRIER GLOBAL CORP,BBB,Other,0,0,0,0,0,0,0,0,Not Rated,0,0,0,0,0,0,0,0,0,0,0,0,Other,Other,Other,Other,9,872466,0.000464239,0.003312449,0.307396546,5.20401E-06,2.2161E-05,4.50788E-05,0.000105554,0.000194995,0.000911049,0.002028408,0,0,0,0,0,0,106.3520145,2,100000,FALSE,FALSE,0,150000,27471473.64,FALSE,FALSE,FALSE,81.83,20186000,0.001706785,872466000,872466000,2024-02-21T00:00:00.000Z,US,BBB,Developed,Secondary Exposure,BBB,BBB,FIG_14448CBC7,14448CBC7,0,False,False,True,1,1,0,1,0,662.1509453,OTHER,krd10y,9.385352498,9.138945927,0.676249144,9.138945927,True,VGI,Cash Bonds,USD,N,0.000110825,Positive,Z-score > -1.5,USD,Developed,Investment Grade Credit,Industrial,Capital Goods,Diversified Manufacturing,CARR__K15620__Senior,BBB,Capital Goods,0,0,0.000420811,0,0,0.003002576,0,0,0,0,0,0,0,0,0.278640165,0,0,4.71719E-06,0,0,2.00879E-05,0,0,4.08618E-05,0,0,9.56795E-05,0,0,0.000176754,0,0,0.000825822,0,0,0.001838654,0,0,0,0,0,0,0,0,0,0,0,0,0,0,0,0,0,0,N,CARR,Investment Grade Credit,Capital Goods,Diversified Manufacturing,BBB,BBB,Industrial,14448CBC7,VCIT | VCIT (bench)
535,US15135BAW19,USD,15135BAW1,Unassigned,BND,CORP,3,EOD,USD,0,0,0,0,0,0.030114811,0.060096819,0.005584486,0.139465641,0,0,2.719658316,2.385103539,5.340023611,142.7834453,5.439435386,United States,United States,R72183,CENTENE CORPORATION,CENTENE CORP,CNC,VCIT,58634000,2030-10-15T00:00:00,1000,2000,Other,51161075.19,51161075.19,0,0,0,0,0,0,0,0,0,0,0,50738332687,0.001008332,4.79126E-05,0.005384516,0.000255855,0.783132325,0.037211884,5.63101E-06,2.67567E-07,3.03657E-05,1.44288E-06,6.05975E-05,2.8794E-06,0.000140628,6.68217E-06,0.002742318,0.000130306,0.002404976,0.000114277,0,0,0,0,0,0,0,0,0,0,0,0,0,0,CNC,2020-10-07T00:00:00,SENIOR,US,Investment Grade Credit,Financial,Insurance,Health Insurance,2030-07-15T00:00:00,C,15135BAW1,Cash Bond,USD,Developed,Investment Grade Credit,Financial,Insurance,Health Insurance,BBB Rated,United States,CNC,SENIOR,North America Corp,Financial,Insurance,Health Insurance,CENTENE CORPORATION,BBB,Other,0,0,0,0,0,0,0,0.5782,Marketperform,0.8598,-0.0628,1.0394,-0.2886,0.6964,0.6009,-0.263,0.961,1.0905,-0.0904,2200000,-1.0373,CNC,Other,Other,Other,8,2200000,0.000960419,0.005128661,0.745920441,5.36345E-06,2.89228E-05,5.77181E-05,0.000133945,0.002612012,0.002290699,0,0,0,0,0,0,0,87.25496332,2,100000,FALSE,FALSE,0,150000,22892259.91,FALSE,FALSE,FALSE,81.83,58714000,0.005044624,2200000000,2200000000,2020-10-07T00:00:00.000Z,US,BBB,Developed,Secondary Exposure,BBB,BBB,FIG_15135BAW1,15135BAW1,0,False,False,True,1,1,0,1,-4.67718E-05,776.6613247,OTHER,krd5y,5.971252567,5.719370294,4.049281314,5.719370294,True,VGI,Cash Bonds,USD,Y,0,Positive,Z-score > -1.5,USD,Developed,Investment Grade Credit,Financial,Insurance,Health Insurance,CNC__R72183__Senior,BBB,Insurance,0,0,0.001008332,0,0,0.005384516,0,0,0,0,0,0,0,0,0.783132325,0,0,5.63101E-06,0,0,3.03657E-05,0,0,6.05975E-05,0,0,0.000140628,0,0,0.002742318,0,0,0.002404976,0,0,0,0,0,0,0,0,0,0,0,0,0,0,0,0,0,0,0,0,0,Y,CNC,Investment Grade Credit,Insurance,Health Insurance,BBB,BBB,Financial,15135BAW1,VCIT | VCIT (bench)
664,US21871XAS80,USD,21871XAS8,Unassigned,BND,CORP,5.75,EOD,USD,4.032491276,0,0,0,0,0.046833636,0.095928869,0.01290016,0.22393711,0,0,0.413347444,2.172164973,6.997603466,113.5523526,7.126748065,United States,United States,866930,COREBRIDGE FINANCIAL INC,COREBRIDGE FINANCIAL INC,CRBG,VCIT,22494000,2034-01-15T00:00:00,1000,2000,Other,23495315.69,23495315.69,0,0,0,0,0,0,0,0,0,0,0,50738332687,0.000463068,7.11244E-05,0.003240369,0.0004977,0.374742229,0.057558052,5.97366E-06,9.17516E-07,2.16872E-05,3.33101E-06,4.44216E-05,6.82288E-06,0.000103698,1.59274E-05,0.000191408,2.93991E-05,0.001005861,0.000154494,0.001867319,0.000286808,0,0,0,0,0,0,0,0,0,0,0,0,CRBG,2023-12-08T00:00:00,SENIOR,US,Investment Grade Credit,Financial,Insurance,Life Insurance,2033-10-15T00:00:00,C,21871XAS8,Cash Bond,USD,Developed,Investment Grade Credit,Financial,Insurance,Life Insurance,BBB Rated,United States,CRBG,SENIOR,North America Corp,Financial,Insurance,Life Insurance,COREBRIDGE FINANCIAL INC,BBB,Other,0,0,0,0,0,0,0,0.5014,Outperform,1.2282,-0.5586,1.2282,-0.683,-0.1586,1.5712,-0.8876,1.1703,1.3785,-0.8876,750000,1.3586,CRBG,Other,Other,Other,7,750000,0.000391944,0.002742668,0.317184177,5.05614E-06,1.83562E-05,3.75987E-05,8.77708E-05,0.000162009,0.000851367,0.001580511,0,0,0,0,0,0,104.451479,2,100000,FALSE,FALSE,0,150000,21660128.59,FALSE,FALSE,FALSE,81.83,22604000,0.001716531,750000000,750000000,2023-12-08T00:00:00.000Z,US,BBB,Developed,Secondary Exposure,BBB,BBB,FIG_21871XAS8,21871XAS8,0,False,False,True,1,1,0,1,-0.00052499,809.2590093,OTHER,krd10y,9.223819302,8.971937029,0.881587953,8.971937029,True,VGI,Cash Bonds,USD,N,0.000108701,Positive,Z-score > -1.5,USD,Developed,Investment Grade Credit,Financial,Insurance,Life Insurance,CRBG__866930__Senior,BBB,Insurance,0,0,0.000463068,0,0,0.003240369,0,0,0,0,0,0,0,0,0.374742229,0,0,5.97366E-06,0,0,2.16872E-05,0,0,4.44216E-05,0,0,0.000103698,0,0,0.000191408,0,0,0.001005861,0,0,0.001867319,0,0,0,0,0,0,0,0,0,0,0,0,0,0,0,0,0,0,N,CRBG,Investment Grade Credit,Insurance,Life Insurance,BBB,BBB,Financial,21871XAS8,VCIT | VCIT (bench)
709,US24422EWZ86,USD,24422EWZ8,Unassigned,BND,CORP,4.7,EOD,USD,0,0,0,0,0,0.03992505,0.081124635,0.009708722,0.191289988,0,0,3.125759687,1.38236936,4.830177443,46.01440782,4.928454423,United States,United States,244217,JOHN DEERE CAPITAL CORP,JOHN DEERE CAPITAL CORP,DE,VCIT,34346000,2030-06-10T00:00:00,1000,1000,Other,35209187.95,35209187.95,0,0,0,0,0,0,0,0,0,0,0,50738332687,0.000693937,0.000181042,0.003351837,0.000874466,0.157370889,0.041056742,6.73724E-06,1.75769E-06,2.77055E-05,7.22812E-06,5.62954E-05,1.4687E-05,0.000132743,3.46316E-05,0.002169079,0.000565895,0.000959277,0.000250267,0,0,0,0,0,0,0,0,0,0,0,0,0,0,DE,2023-06-08T00:00:00,SENIOR,US,Investment Grade Credit,Industrial,Capital Goods,Construction Machinery,NaT,Other,24422EWZ8,Cash Bond,USD,Developed,Investment Grade Credit,Industrial,Capital Goods,Construction Machinery,A Rated,United States,DE,SENIOR,North America Corp,Industrial,Capital Goods,Construction Machinery,DEERE & CO,A,Other,0,0,0,0,0,0,0,0.0145,Marketperform,-0.193,0.4414,-0.2925,-0.1967,-1.9433,0.3227,-0.4697,0.494,0.0035,-0.5695,1000000,-1.546,DE,Other,Other,Other,10,1000000,0.000512894,0.002477371,0.116314147,4.97955E-06,2.04773E-05,4.16084E-05,9.81116E-05,0.001603185,0.00070901,0,0,0,0,0,0,0,102.5132124,2,100000,FALSE,FALSE,0,85000,16112819.56,FALSE,FALSE,FALSE,81.83,34431000,0.005245026,1000000000,1000000000,2023-06-08T00:00:00.000Z,US,A,Developed,Secondary Exposure,A,A,FIG_24422EWZ8,24422EWZ8,0,False,False,True,1,1,0,1,0.000296149,226.7799117,OTHER,krd5y,5.623545517,,1.382614648,5.623545517,True,VGI,Cash Bonds,USD,N,-0.000112501,Positive,Z-score > -1.5,USD,Developed,Investment Grade Credit,Industrial,Capital Goods,Construction Machinery,DE__244217__Senior,A,Capital Goods,0,0,0.000693937,0,0,0.003351837,0,0,0,0,0,0,0,0,0.157370889,0,0,6.73724E-06,0,0,2.77055E-05,0,0,5.62954E-05,0,0,0.000132743,0,0,0.002169079,0,0,0.000959277,0,0,0,0,0,0,0,0,0,0,0,0,0,0,0,0,0,0,0,0,0,N,DE,Investment Grade Credit,Capital Goods,Construction Machinery,A,A,Industrial,24422EWZ8,VCIT | VCIT (bench)
712,US24422EXP95,USD,24422EXP9,Unassigned,BND,CORP,5.1,EOD,USD,5.113608676,0,0,0,0,0.043632053,0.088126,0.008094946,0.207178839,0,0,0.38255562,1.629079722,7.472275856,64.74819951,7.627529766,United States,United States,244217,JOHN DEERE CAPITAL CORP,JOHN DEERE CAPITAL CORP,DE,VCIT,29393000,2034-04-11T00:00:00,1000,1000,Other,30046299.64,30046299.64,0,0,0,0,0,0,0,0,0,0,0,50738332687,0.000592181,8.0741E-05,0.004424943,0.000603319,0.292459955,0.039875484,4.79368E-06,6.53594E-07,2.58381E-05,3.5229E-06,5.21866E-05,7.11539E-06,0.000122687,1.67278E-05,0.000226542,3.08879E-05,0.000964711,0.000131534,0.003028184,0.000412878,0,0,0,0,0,0,0,0,0,0,0,0,DE,2024-04-11T00:00:00,SENIOR,US,Investment Grade Credit,Industrial,Capital Goods,Construction Machinery,NaT,Other,24422EXP9,Cash Bond,USD,Developed,Investment Grade Credit,Industrial,Capital Goods,Construction Machinery,A Rated,United States,DE,SENIOR,North America Corp,Industrial,Capital Goods,Construction Machinery,DEERE & CO,A,Other,0,0,0,0,0,0,0,0,Not Rated,0,0,0,0,0,0,0,0,0,0,0,0,Other,Other,Other,Other,9,1000000,0.00051144,0.003821624,0.252584471,4.14008E-06,2.23152E-05,4.50712E-05,0.00010596,0.000195654,0.000833177,0.002615306,0,0,0,0,0,0,102.2226368,2,100000,FALSE,FALSE,0,150000,21289057.73,FALSE,FALSE,FALSE,81.83,29393000,0.005245026,1000000000,1000000000,2024-04-11T00:00:00.000Z,US,A,Developed,Secondary Exposure,A,A,FIG_24422EXP9,24422EXP9,0,False,False,True,1,1,0,1,0,493.868819,OTHER,krd10y,9.45927447,,0.539356605,9.45927447,True,VGI,Cash Bonds,USD,N,-0.000112501,Positive,Z-score > -1.5,USD,Developed,Investment Grade Credit,Industrial,Capital Goods,Construction Machinery,DE__244217__Senior,A,Capital Goods,0,0,0.000592181,0,0,0.004424943,0,0,0,0,0,0,0,0,0.292459955,0,0,4.79368E-06,0,0,2.58381E-05,0,0,5.21866E-05,0,0,0.000122687,0,0,0.000226542,0,0,0.000964711,0,0,0.003028184,0,0,0,0,0,0,0,0,0,0,0,0,0,0,0,0,0,0,N,DE,Investment Grade Credit,Capital Goods,Construction Machinery,A,A,Industrial,24422EXP9,VCIT | VCIT (bench)
934,US314353AA14,USD,314353AA1,Unassigned,BND,CORP,1.875,EOD,USD,2.479259723,0,0,0,0,0.086550723,0.174976164,0.022995223,0.405221751,0,0,0.73182208,1.675806293,5.576631958,55.1564888,5.691764528,United States,United States,D78078,FEDERAL EXPRESS CORP,FEDERAL EXPRESS CORP,FDX,VCIT,73000,2034-02-20T00:00:00,1000,2000,Other,48943.75428,48943.75428,0,0,0,0,0,0,0,0,0,0,0,50738332687,9.64631E-07,-0.000324418,5.37939E-06,-0.001809159,0.000302834,-0.101847,2.21819E-08,-7.46006E-06,8.34895E-08,-2.80786E-05,1.68787E-07,-5.67654E-05,3.90889E-07,-0.000131461,7.05938E-07,-0.000237416,1.61653E-06,-0.000543661,2.39157E-06,-0.000804316,0,0,0,0,0,0,0,0,0,0,0,0,FDX,2020-08-13T00:00:00,SECURED,US,Investment Grade Credit,Industrial,Transportation,Transportation Services,NaT,S,314353AA1,Cash Bond,USD,Developed,Investment Grade Credit,Industrial,Transportation,Transportation Services,AA Rated,United States,FDX,SECURED,North America Corp,Industrial,Transportation,Transportation Services,FEDEX CORP,AAA/AA,Other,0,0,0,0,0,0,0,0,Not Rated,-1.4959,0,-1.5138,0,0,-1.969,0,-2.0322,-1.8605,0,762526,-2.0665,FDX,Other,Other,Other,4,969999.692,0.000325382,0.001814538,0.102149834,7.48224E-06,2.81621E-05,5.69342E-05,0.000131852,0.000238122,0.000545278,0.000806708,0,0,0,0,0,0,85.28867333,2,100000,FALSE,FALSE,0,300000,41843087.98,FALSE,FALSE,FALSE,81.83,73000,0.001390026,762526242,762526242.4,2020-08-13T00:00:00.000Z,US,AAA/AA,Developed,Secondary Exposure,AA,AA,FIG_314353AA1,314353AA1,0,False,False,True,0.786109528,1,0,1,-4.27446E-09,313.9377464,OTHER,krd10y,9.32238193,,4.199863107,9.32238193,True,VGI,Cash Bonds,USD,N,-0.000221149,Negative,Z-score <= -1.5,USD,Developed,Investment Grade Credit,Industrial,Transportation,Transportation Services,FDX__D78078__Senior,AAA/AA,Transportation,0,0,9.64631E-07,0,0,5.37939E-06,0,0,0,0,0,0,0,0,0.000302834,0,0,2.21819E-08,0,0,8.34895E-08,0,0,1.68787E-07,0,0,3.90889E-07,0,0,7.05938E-07,0,0,1.61653E-06,0,0,2.39157E-06,0,0,0,0,0,0,0,0,0,0,0,0,0,0,0,0,0,0,N,FDX,Investment Grade Credit,Transportation,Transportation Services,AAA/AA,AA,Industrial,314353AA1,VCIT | VCIT (bench)
995,US36166NAK90,USD,36166NAK9,Unassigned,BND,CORP,4.55,EOD,USD,0.840021798,0,0,0,0,0.039852384,0.080130931,0.008648714,0.189269862,0,0,0.349197536,4.636885382,6.144006608,75.08454621,6.252757314,United States,United States,J25961,GE CAPITAL FUNDING LLC (US),GE CAPITAL FUNDING LLC (US),GE,VCIT,17778000,2032-05-15T00:00:00,1000,200000,Other,17729658.67,17729658.67,0,0,0,0,0,0,0,0,0,0,0,50738332687,0.000349433,0.000111199,0.00214692,0.000683205,0.164053808,0.052206125,3.02215E-06,9.61725E-07,1.39257E-05,4.43153E-06,2.80004E-05,8.91045E-06,6.61372E-05,2.10465E-05,0.000122021,3.88303E-05,0.001620282,0.000515615,0.000293532,9.34092E-05,0,0,0,0,0,0,0,0,0,0,0,0,GE,2021-05-05T00:00:00,SENIOR,US,Investment Grade Credit,Industrial,Capital Goods,Aerospace/Defense,2032-02-15T00:00:00,C,36166NAK9,Cash Bond,USD,Developed,Investment Grade Credit,Industrial,Capital Goods,Aerospace/Defense,BBB Rated,United States,GE,SENIOR,North America Corp,Industrial,Capital Goods,Aerospace/Defense,GENERAL ELECTRIC CO,BBB,Other,0,0,0,0,0,0,0,2.0947,Marketperform,0.9119,2.1884,1.0034,2.364,1.4174,1.9291,0.1783,0.7218,0.966,0.0756,477463,1.4869,GE,Other,Other,Other,5,477463,0.000238235,0.001463715,0.111847684,2.06042E-06,9.49422E-06,1.909E-05,4.50906E-05,8.31909E-05,0.001104667,0.000200122,0,0,0,0,0,0,99.72808342,2,100000,FALSE,FALSE,0,150000,19594624.67,FALSE,FALSE,FALSE,81.83,17923000,0.000984228,477463000,477463000,2021-05-05T00:00:00.000Z,US,BBB,Developed,Secondary Exposure,BBB,BBB,FIG_36166NAK9,36166NAK9,0,False,False,True,1,1,0,1,0.001992727,469.4854455,OTHER,krd7y,7.553730322,7.307323751,3.474332649,7.307323751,True,VGI,Cash Bonds,USD,N,-0.000237135,Positive,Z-score > -1.5,USD,Developed,Investment Grade Credit,Industrial,Capital Goods,Aerospace/Defense,GE__J25961__Senior,BBB,Capital Goods,0,0,0.000349433,0,0,0.00214692,0,0,0,0,0,0,0,0,0.164053808,0,0,3.02215E-06,0,0,1.39257E-05,0,0,2.80004E-05,0,0,6.61372E-05,0,0,0.000122021,0,0,0.001620282,0,0,0.000293532,0,0,0,0,0,0,0,0,0,0,0,0,0,0,0,0,0,0,N,GE,Investment Grade Credit,Capital Goods,Aerospace/Defense,BBB,BBB,Industrial,36166NAK9,VCIT | VCIT (bench)
1120,US438516CM68,USD,438516CM6,Unassigned,BND,CORP,4.5,EOD,USD,4.448669659,0,0,0,0,0.038795277,0.079861005,0.010640689,0.187898997,0,0,0.350192227,2.2105356,7.326593453,57.22858203,7.461686272,United States,United States,438516,HONEYWELL INTERNATIONAL INC (DELAWARE),HONEYWELL INTERNATIONAL INC (DELAWARE),HON,VCIT,26518000,2034-01-15T00:00:00,1000,2000,Other,26314588.64,26314588.64,0,0,0,0,0,0,0,0,0,0,0,50738332687,0.000518633,2.21508E-05,0.003799815,0.00016229,0.221467684,0.009458876,5.51862E-06,2.357E-07,2.01205E-05,8.59347E-07,4.14186E-05,1.76899E-06,9.74507E-05,4.16211E-06,0.000181621,7.75704E-06,0.001146457,4.89651E-05,0.002307228,9.85416E-05,0,0,0,0,0,0,0,0,0,0,0,0,HON,2023-05-17T00:00:00,SENIOR,US,Investment Grade Credit,Industrial,Capital Goods,Diversified Manufacturing,2033-10-15T00:00:00,C,438516CM6,Cash Bond,USD,Developed,Investment Grade Credit,Industrial,Capital Goods,Diversified Manufacturing,A Rated,United States,HON,SENIOR,North America Corp,Industrial,Capital Goods,Diversified Manufacturing,HONEYWELL INTERNATIONAL INC (DELAWARE),A,Other,0,0,0,0,0,0,0,-1.1711,Not Rated,-0.3906,-1.0695,-0.5218,-1.3052,-1.928,-2.4394,-1.3146,-0.5037,-0.7334,-1.4483,1000000,-2.0483,HON,Other,Other,Other,8,1000000,0.000496482,0.003637525,0.212008808,5.28292E-06,1.92612E-05,3.96496E-05,9.32886E-05,0.000173864,0.001097492,0.002208687,0,0,0,0,0,0,99.232931,2,100000,FALSE,FALSE,0,150000,24177225.27,FALSE,FALSE,FALSE,81.83,26603000,0.003232087,1000000000,1000000000,2023-05-17T00:00:00.000Z,US,A,Developed,Secondary Exposure,A,A,FIG_438516CM6,438516CM6,0,False,False,True,1,1,0,1,-0.000485177,427.0217249,OTHER,krd10y,9.223819302,8.971937029,1.442847365,8.971937029,True,VGI,Cash Bonds,USD,N,4.97873E-05,Negative,Z-score > -1.5,USD,Developed,Investment Grade Credit,Industrial,Capital Goods,Diversified Manufacturing,HON__438516__Senior,A,Capital Goods,0,0,0.000518633,0,0,0.003799815,0,0,0,0,0,0,0,0,0.221467684,0,0,5.51862E-06,0,0,2.01205E-05,0,0,4.14186E-05,0,0,9.74507E-05,0,0,0.000181621,0,0,0.001146457,0,0,0.002307228,0,0,0,0,0,0,0,0,0,0,0,0,0,0,0,0,0,0,N,HON,Investment Grade Credit,Capital Goods,Diversified Manufacturing,A,A,Industrial,438516CM6,VCIT | VCIT (bench)
1129,US443201AC21,USD,443201AC2,Unassigned,BND,CORP,4.85,EOD,USD,0,0,0,0,0,0.042476622,0.085438156,0.00783257,0.20064539,0,0,0.573696109,4.910806387,5.820895234,74.91226255,5.92838926,United States,United States,022249,HOWMET AEROSPACE INC,HOWMET AEROSPACE INC,HWM,VCIT,14495000,2031-10-15T00:00:00,1000,2000,Other,14476382.33,14476382.33,0,0,0,0,0,0,0,0,0,0,0,50738332687,0.000285315,3.54757E-05,0.001660786,0.0002065,0.126710755,0.015755067,2.23475E-06,2.77866E-07,1.21192E-05,1.50689E-06,2.43767E-05,3.03098E-06,5.7247E-05,7.11803E-06,0.000163684,2.03523E-05,0.001401124,0.000174214,0,0,0,0,0,0,0,0,0,0,0,0,0,0,HWM,2024-08-22T00:00:00,SENIOR,US,Investment Grade Credit,Industrial,Capital Goods,Aerospace/Defense,2031-08-15T00:00:00,C,443201AC2,Cash Bond,USD,Developed,Investment Grade Credit,Industrial,Capital Goods,Aerospace/Defense,BBB Rated,United States,HWM,SENIOR,North America Corp,Industrial,Capital Goods,Aerospace/Defense,HOWMET AEROSPACE INC,BBB,Other,0,0,0,0,0,0,0,0,Not Rated,0,0,0,0,0,0,0,0,0,0,0,0,Other,Other,Other,Other,7,500000,0.000249839,0.001454286,0.110955688,1.95688E-06,1.06123E-05,2.13458E-05,5.0129E-05,0.000143332,0.00122691,0,0,0,0,0,0,0,99.871558,2,100000,FALSE,FALSE,0,75000,23521533.89,FALSE,FALSE,FALSE,81.83,14555000,0.000249839,500000000,500000000,2024-08-22T00:00:00.000Z,US,BBB,Developed,Secondary Exposure,BBB,BBB,FIG_443201AC2,443201AC2,0,False,False,True,1,1,0,1,0,444.1090527,OTHER,krd7y,6.970568104,6.803559206,0.17522245,6.803559206,True,VGI,Cash Bonds,USD,N,3.65643E-05,Positive,Z-score > -1.5,USD,Developed,Investment Grade Credit,Industrial,Capital Goods,Aerospace/Defense,HWM__022249__Senior,BBB,Capital Goods,0,0,0.000285315,0,0,0.001660786,0,0,0,0,0,0,0,0,0.126710755,0,0,2.23475E-06,0,0,1.21192E-05,0,0,2.43767E-05,0,0,5.7247E-05,0,0,0.000163684,0,0,0.001401124,0,0,0,0,0,0,0,0,0,0,0,0,0,0,0,0,0,0,0,0,0,N,HWM,Investment Grade Credit,Capital Goods,Aerospace/Defense,BBB,BBB,Industrial,443201AC2,VCIT | VCIT (bench)
1132,US444859BR26,USD,444859BR2,Unassigned,BND,CORP,2.15,EOD,USD,0.558810586,0,0,0,0,0.022565232,0.046058152,0.006092938,0.10756711,0,0,0.197478256,5.581487669,6.520059944,113.7068346,6.646256567,United States,United States,R52549,HUMANA INC,HUMANA INC,HUM,VCIT,23877000,2032-02-03T00:00:00,1000,2000,Other,19517369.85,19517369.85,0,0,0,0,0,0,0,0,0,0,0,50738332687,0.000384667,7.7941E-05,0.002508053,0.00050818,0.290702504,0.058901954,2.34375E-06,4.7489E-07,8.6801E-06,1.75876E-06,1.77171E-05,3.58982E-06,4.13775E-05,8.38389E-06,7.59634E-05,1.53917E-05,0.002147015,0.000435027,0.000214956,4.35543E-05,0,0,0,0,0,0,0,0,0,0,0,0,HUM,2021-08-03T00:00:00,SENIOR,US,Investment Grade Credit,Financial,Insurance,Health Insurance,2031-11-03T00:00:00,C,444859BR2,Cash Bond,USD,Developed,Investment Grade Credit,Financial,Insurance,Health Insurance,BBB Rated,United States,HUM,SENIOR,North America Corp,Financial,Insurance,Health Insurance,HUMANA INC,BBB,Other,0,0,0,0,0,0,0,0.6122,Marketperform,0.8082,0.7634,1.0242,0.8664,0.2099,1.8076,0.2312,1.7454,1.7345,0.1157,750000,1.9212,HUM,Other,Other,Other,7,750000,0.000306726,0.001999873,0.23180055,1.86886E-06,6.92135E-06,1.41272E-05,3.29936E-05,6.05717E-05,0.001711988,0.000171402,0,0,0,0,0,0,81.74129851,2,100000,FALSE,FALSE,0,90000,21354205.16,FALSE,FALSE,FALSE,81.83,23967000,0.00201683,750000000,750000000,2021-08-03T00:00:00.000Z,US,BBB,Developed,Secondary Exposure,BBB,BBB,FIG_444859BR2,444859BR2,0,False,False,True,1,1,0,1,0.00056847,755.724796,OTHER,krd7y,7.274469541,7.022587269,3.227926078,7.022587269,True,VGI,Cash Bonds,USD,N,0.000130337,Positive,Z-score > -1.5,USD,Developed,Investment Grade Credit,Financial,Insurance,Health Insurance,HUM__R52549__Senior,BBB,Insurance,0,0,0.000384667,0,0,0.002508053,0,0,0,0,0,0,0,0,0.290702504,0,0,2.34375E-06,0,0,8.6801E-06,0,0,1.77171E-05,0,0,4.13775E-05,0,0,7.59634E-05,0,0,0.002147015,0,0,0.000214956,0,0,0,0,0,0,0,0,0,0,0,0,0,0,0,0,0,0,N,HUM,Investment Grade Credit,Insurance,Health Insurance,BBB,BBB,Financial,444859BR2,VCIT | VCIT (bench)
1133,US444859BV38,USD,444859BV3,Unassigned,BND,CORP,5.875,EOD,USD,2.178740117,0,0,0,0,0.04886279,0.099088482,0.012131619,0.230499099,0,0,0.422819376,3.484251574,6.476393056,127.3737197,6.593614183,United States,United States,R52549,HUMANA INC,HUMANA INC,HUM,VCIT,23225000,2033-03-01T00:00:00,1000,2000,Other,24047897.04,24047897.04,0,0,0,0,0,0,0,0,0,0,0,50738332687,0.000473959,8.5424E-05,0.003069546,0.000553239,0.398056092,0.071743615,5.74989E-06,1.03633E-06,2.3159E-05,4.17405E-06,4.69639E-05,8.46453E-06,0.000109247,1.96902E-05,0.000200399,3.61189E-05,0.001651393,0.000297639,0.001032634,0.000186117,0,0,0,0,0,0,0,0,0,0,0,0,HUM,2022-11-22T00:00:00,SENIOR,US,Investment Grade Credit,Financial,Insurance,Health Insurance,2032-12-01T00:00:00,C,444859BV3,Cash Bond,USD,Developed,Investment Grade Credit,Financial,Insurance,Health Insurance,BBB Rated,United States,HUM,SENIOR,North America Corp,Financial,Insurance,Health Insurance,HUMANA INC,BBB,Other,0,0,0,0,0,0,0,-0.8196,Marketperform,0.8522,0.3596,1.0682,0.6787,-0.7891,1.2216,0.7939,1.9719,1.7473,1.0087,750000,1.9056,HUM,Other,Other,Other,9,750000,0.000388535,0.002516306,0.326312477,4.71356E-06,1.89849E-05,3.84994E-05,8.9557E-05,0.00016428,0.001353754,0.000846517,0,0,0,0,0,0,103.543152,2,100000,FALSE,FALSE,0,150000,21049455.44,FALSE,FALSE,FALSE,81.83,23225000,0.00201683,750000000,750000000,2022-11-22T00:00:00.000Z,US,BBB,Developed,Secondary Exposure,BBB,BBB,FIG_444859BV3,444859BV3,0,False,False,True,1,1,0,1,0.000202927,839.8531646,OTHER,krd7y,8.34770705,8.101300479,1.924709103,8.101300479,True,VGI,Cash Bonds,USD,N,0.000130337,Positive,Z-score > -1.5,USD,Developed,Investment Grade Credit,Financial,Insurance,Health Insurance,HUM__R52549__Senior,BBB,Insurance,0,0,0.000473959,0,0,0.003069546,0,0,0,0,0,0,0,0,0.398056092,0,0,5.74989E-06,0,0,2.3159E-05,0,0,4.69639E-05,0,0,0.000109247,0,0,0.000200399,0,0,0.001651393,0,0,0.001032634,0,0,0,0,0,0,0,0,0,0,0,0,0,0,0,0,0,0,N,HUM,Investment Grade Credit,Insurance,Health Insurance,BBB,BBB,Financial,444859BV3,VCIT | VCIT (bench)
1134,US444859BY76,USD,444859BY7,Unassigned,BND,CORP,5.95,EOD,USD,4.348320386,0,0,0,0,0.049294791,0.099886844,0.01160901,0.232507376,0,0,0.42639468,1.931260165,7.099273251,127.6322231,7.230434119,United States,United States,R52549,HUMANA INC,HUMANA INC,HUM,VCIT,21832000,2034-03-15T00:00:00,1000,2000,Other,22691520.39,22691520.39,0,0,0,0,0,0,0,0,0,0,0,50738332687,0.000447226,5.21136E-06,0.003174982,3.69969E-05,0.412716765,0.004809233,5.19186E-06,6.04987E-08,2.20459E-05,2.56893E-07,4.4672E-05,5.20546E-07,0.000103983,1.21168E-06,0.000190695,2.2221E-06,0.00086371,1.00645E-05,0.001944684,2.26607E-05,0,0,0,0,0,0,0,0,0,0,0,0,HUM,2023-11-09T00:00:00,SENIOR,US,Investment Grade Credit,Financial,Insurance,Health Insurance,2033-12-15T00:00:00,C,444859BY7,Cash Bond,USD,Developed,Investment Grade Credit,Financial,Insurance,Health Insurance,BBB Rated,United States,HUM,SENIOR,North America Corp,Financial,Insurance,Health Insurance,HUMANA INC,BBB,Other,0,0,0,0,0,0,0,-1.5767,Marketperform,0.9028,-1.2162,0.9028,-1.365,-1.1891,1.4304,-1.6282,2.1512,2.1744,-1.6282,850000,2.0552,HUM,Other,Other,Other,10,850000,0.000442015,0.003137985,0.407907533,5.13136E-06,2.1789E-05,4.41515E-05,0.000102772,0.000188473,0.000853646,0.001922023,0,0,0,0,0,0,103.936975,2,100000,FALSE,FALSE,0,150000,25083788.56,FALSE,FALSE,FALSE,81.83,21867000,0.00201683,850000000,850000000,2023-11-09T00:00:00.000Z,US,BBB,Developed,Secondary Exposure,BBB,BBB,FIG_444859BY7,444859BY7,0,False,False,True,1,1,0,1,-0.000291162,922.8363807,OTHER,krd10y,9.385352498,9.138945927,0.960985626,9.138945927,True,VGI,Cash Bonds,USD,N,0.000130337,Positive,Z-score > -1.5,USD,Developed,Investment Grade Credit,Financial,Insurance,Health Insurance,HUM__R52549__Senior,BBB,Insurance,0,0,0.000447226,0,0,0.003174982,0,0,0,0,0,0,0,0,0.412716765,0,0,5.19186E-06,0,0,2.20459E-05,0,0,4.4672E-05,0,0,0.000103983,0,0,0.000190695,0,0,0.00086371,0,0,0.001944684,0,0,0,0,0,0,0,0,0,0,0,0,0,0,0,0,0,0,N,HUM,Investment Grade Credit,Insurance,Health Insurance,BBB,BBB,Financial,444859BY7,VCIT | VCIT (bench)
1135,US444859CA81,USD,444859CA8,Unassigned,BND,CORP,5.375,EOD,USD,0,0,0,0,0,0.046630209,0.093425519,0.008622569,0.218111825,0,0,1.70854231,3.308253806,5.383586237,109.6770681,5.482518165,United States,United States,R52549,HUMANA INC,HUMANA INC,HUM,VCIT,30412000,2031-04-15T00:00:00,1000,2000,Other,30675520.89,30675520.89,0,0,0,0,0,0,0,0,0,0,0,50738332687,0.000604583,-2.62367E-05,0.003254823,-0.000141248,0.363539551,-0.01577631,5.21306E-06,-2.26228E-07,2.81918E-05,-1.22342E-06,5.64835E-05,-2.45118E-06,0.000131867,-5.72254E-06,0.001032955,-4.48265E-05,0.002000113,-8.67977E-05,0,0,0,0,0,0,0,0,0,0,0,0,0,0,HUM,2024-03-13T00:00:00,SENIOR,US,Investment Grade Credit,Financial,Insurance,Health Insurance,2031-02-15T00:00:00,C,444859CA8,Cash Bond,USD,Developed,Investment Grade Credit,Financial,Insurance,Health Insurance,BBB Rated,United States,HUM,SENIOR,North America Corp,Financial,Insurance,Health Insurance,HUMANA INC,BBB,Other,0,0,0,0,0,0,0,0,Not Rated,0,0,0,0,0,0,0,0,0,0,0,0,Other,Other,Other,Other,10,1250000,0.000630819,0.003396071,0.379315861,5.43928E-06,2.94152E-05,5.89346E-05,0.000137589,0.001077782,0.002086911,0,0,0,0,0,0,0,100.866503,2,100000,FALSE,FALSE,0,150000,26718873.38,FALSE,FALSE,FALSE,81.83,30412000,0.00201683,1250000000,1250000000,2024-03-13T00:00:00.000Z,US,BBB,Developed,Secondary Exposure,BBB,BBB,FIG_444859CA8,444859CA8,0,False,False,True,1,1,0,1,0,601.3065181,OTHER,krd7y,6.46954141,6.308008214,0.618754278,6.308008214,True,VGI,Cash Bonds,USD,N,0.000130337,Positive,Z-score > -1.5,USD,Developed,Investment Grade Credit,Financial,Insurance,Health Insurance,HUM__R52549__Senior,BBB,Insurance,0,0,0.000604583,0,0,0.003254823,0,0,0,0,0,0,0,0,0.363539551,0,0,5.21306E-06,0,0,2.81918E-05,0,0,5.64835E-05,0,0,0.000131867,0,0,0.001032955,0,0,0.002000113,0,0,0,0,0,0,0,0,0,0,0,0,0,0,0,0,0,0,0,0,0,N,HUM,Investment Grade Credit,Insurance,Health Insurance,BBB,BBB,Financial,444859CA8,VCIT | VCIT (bench)
1156,US45687VAB27,USD,45687VAB2,Unassigned,BND,CORP,5.7,EOD,USD,3.136432686,0,0,0,0,0.04602287,0.09440628,0.012326027,0.223039172,0,0,0.410211719,2.875056091,6.797494846,86.15293933,6.920942863,United States,United States,I08692,INGERSOLL RAND INC,INGERSOLL RAND INC,IR,VCIT,27166000,2033-08-14T00:00:00,1000,2000,Other,28685907.91,28685907.91,0,0,0,0,0,0,0,0,0,0,0,50738332687,0.00056537,3.70569E-05,0.003843097,0.000251894,0.337107,0.022095521,6.96876E-06,4.56764E-07,2.60199E-05,1.70546E-06,5.33744E-05,3.4984E-06,0.0001261,8.26514E-06,0.000231921,1.52012E-05,0.001625469,0.000106541,0.001773244,0.000116226,0,0,0,0,0,0,0,0,0,0,0,0,IR,2023-08-14T00:00:00,SENIOR,US,Investment Grade Credit,Industrial,Capital Goods,Diversified Manufacturing,2033-05-14T00:00:00,C,45687VAB2,Cash Bond,USD,Developed,Investment Grade Credit,Industrial,Capital Goods,Diversified Manufacturing,BBB Rated,United States,IR,SENIOR,North America Corp,Industrial,Capital Goods,Diversified Manufacturing,INGERSOLL RAND INC,BBB,Other,0,0,0,0,0,0,0,-3.8859,Not Rated,0.085,-0.3273,0.0044,-0.0965,-3.6473,0.7255,-0.0909,1.3638,0.1712,-0.0894,1000000,1.7332,IR,Other,Other,Other,8,1000000,0.000528313,0.003591203,0.31501148,6.512E-06,2.43145E-05,4.9876E-05,0.000117834,0.00021672,0.001518929,0.001657017,0,0,0,0,0,0,105.5948903,2,100000,FALSE,FALSE,0,49000,23458266.94,FALSE,FALSE,FALSE,81.83,27211000,0.001186029,1000000000,1000000000,2023-08-14T00:00:00.000Z,US,BBB,Developed,Secondary Exposure,BBB,BBB,FIG_45687VAB2,45687VAB2,0,False,False,True,1,1,0,1,-5.82453E-07,596.2595706,OTHER,krd10y,8.802190281,8.550308008,1.199178645,8.550308008,True,VGI,Cash Bonds,USD,N,5.83159E-05,Positive,Z-score > -1.5,USD,Developed,Investment Grade Credit,Industrial,Capital Goods,Diversified Manufacturing,IR__I08692__Senior,BBB,Capital Goods,0,0,0.00056537,0,0,0.003843097,0,0,0,0,0,0,0,0,0.337107,0,0,6.96876E-06,0,0,2.60199E-05,0,0,5.33744E-05,0,0,0.0001261,0,0,0.000231921,0,0,0.001625469,0,0,0.001773244,0,0,0,0,0,0,0,0,0,0,0,0,0,0,0,0,0,0,N,IR,Investment Grade Credit,Capital Goods,Diversified Manufacturing,BBB,BBB,Industrial,45687VAB2,VCIT | VCIT (bench)
1339,US539830CD97,USD,539830CD9,Unassigned,BND,CORP,4.8,EOD,USD,5.785097867,0,0,0,0,0.040680002,0.08418371,0.01097831,0.198157755,0,0,0.366132519,1.149776903,7.635007066,63.5595068,7.776302409,United States,United States,539821,LOCKHEED MARTIN CORPORATION,LOCKHEED MARTIN CORPORATION,LMT,VCIT,17530000,2034-08-15T00:00:00,1000,2000,Other,17621013.77,17621013.77,0,0,0,0,0,0,0,0,0,0,0,50738332687,0.000347292,4.55413E-05,0.002651576,0.000347708,0.171651799,0.022509167,3.81268E-06,4.99967E-07,1.41278E-05,1.85262E-06,2.92363E-05,3.83384E-06,6.88186E-05,9.02437E-06,0.000127155,1.66742E-05,0.000399308,5.23624E-05,0.002009118,0.000263461,0,0,0,0,0,0,0,0,0,0,0,0,LMT,2024-01-29T00:00:00,SENIOR,US,Investment Grade Credit,Industrial,Capital Goods,Aerospace/Defense,2034-05-15T00:00:00,C,539830CD9,Cash Bond,USD,Developed,Investment Grade Credit,Industrial,Capital Goods,Aerospace/Defense,A Rated,United States,LMT,SENIOR,North America Corp,Industrial,Capital Goods,Aerospace/Defense,LOCKHEED MARTIN CORPORATION,A,Other,0,0,0,0,0,0,0,0,Not Rated,0,0,0,0,0,0,0,0,0,0,0,0,Other,Other,Other,Other,9,600000,0.000301751,0.002303868,0.149142632,3.31271E-06,1.22752E-05,2.54025E-05,5.97942E-05,0.000110481,0.000346946,0.001745657,0,0,0,0,0,0,100.5191886,2,100000,FALSE,FALSE,0,150000,23071599.21,FALSE,FALSE,FALSE,81.83,17530000,0.001815365,600000000,600000000,2024-01-29T00:00:00.000Z,US,A,Developed,Secondary Exposure,A,A,FIG_539830CD9,539830CD9,0,False,False,True,1,1,0,1,0,494.2579459,OTHER,krd10y,9.804243669,9.552361396,0.739219713,9.552361396,True,VGI,Cash Bonds,USD,N,0.000133139,Positive,Z-score > -1.5,USD,Developed,Investment Grade Credit,Industrial,Capital Goods,Aerospace/Defense,LMT__539821__Senior,A,Capital Goods,0,0,0.000347292,0,0,0.002651576,0,0,0,0,0,0,0,0,0.171651799,0,0,3.81268E-06,0,0,1.41278E-05,0,0,2.92363E-05,0,0,6.88186E-05,0,0,0.000127155,0,0,0.000399308,0,0,0.002009118,0,0,0,0,0,0,0,0,0,0,0,0,0,0,0,0,0,0,N,LMT,Investment Grade Credit,Capital Goods,Aerospace/Defense,A,A,Industrial,539830CD9,VCIT | VCIT (bench)
1340,US540424AT59,USD,540424AT5,Unassigned,BND,CORP,3.2,EOD,USD,0,0,0,0,0,0.029887472,0.060127219,0.006483449,0.142138251,0,0,3.486720351,1.168853649,4.89421039,69.59648544,4.979349599,United States,United States,540424,LOEWS CORPORATION,LOEWS CORPORATION,L,VCIT,13380000,2030-05-15T00:00:00,1000,2000,Other,12538205.37,12538205.37,0,0,0,0,0,0,0,0,0,0,0,50738332687,0.000247115,1.26936E-05,0.001209433,6.2125E-05,0.085636541,0.004398898,1.60216E-06,8.22981E-08,7.38564E-06,3.79379E-07,1.48583E-05,7.63229E-07,3.51245E-05,1.80424E-06,0.000861621,4.42589E-05,0.000288841,1.48369E-05,0,0,0,0,0,0,0,0,0,0,0,0,0,0,L,2020-05-08T00:00:00,SENIOR,US,Investment Grade Credit,Financial,Insurance,P&C,2030-02-15T00:00:00,C,540424AT5,Cash Bond,USD,Developed,Investment Grade Credit,Financial,Insurance,P&C,A Rated,United States,L,SENIOR,North America Corp,Financial,Insurance,P&C,LOEWS CORPORATION,A,Other,0,0,0,0,0,0,0,2.0337,Not Rated,1.642,2.7486,1.6263,1.9138,1.3598,3.0273,1.6546,2.3619,1.9793,0.8616,500000,2.4953,L,Other,Other,Other,4,500000,0.000234421,0.001147308,0.081237643,1.51986E-06,7.00626E-06,1.40951E-05,3.33203E-05,0.000817362,0.000274004,0,0,0,0,0,0,0,93.70856033,2,100000,FALSE,FALSE,0,150000,24605938.29,FALSE,FALSE,FALSE,81.83,13520000,0.000234421,500000000,500000000,2020-05-08T00:00:00.000Z,US,A,Developed,Secondary Exposure,A,A,FIG_540424AT5,540424AT5,0,False,False,True,1,1,0,1,0.001585311,346.5452318,OTHER,krd5y,5.552361396,5.308692676,4.465434634,5.308692676,True,VGI,Cash Bonds,USD,N,1.51987E-05,Positive,Z-score > -1.5,USD,Developed,Investment Grade Credit,Financial,Insurance,P&C,L__540424__Senior,A,Insurance,0,0,0.000247115,0,0,0.001209433,0,0,0,0,0,0,0,0,0.085636541,0,0,1.60216E-06,0,0,7.38564E-06,0,0,1.48583E-05,0,0,3.51245E-05,0,0,0.000861621,0,0,0.000288841,0,0,0,0,0,0,0,0,0,0,0,0,0,0,0,0,0,0,0,0,0,N,L,Investment Grade Credit,Insurance,P&C,A,A,Financial,540424AT5,VCIT | VCIT (bench)
1359,US56501RAN61,USD,56501RAN6,Unassigned,BND,CORP,3.703,EOD,USD,0.622093604,0,0,0,0,0.034358,0.069893916,0.008004392,0.164250716,0,0,0.304555854,5.085411843,6.288568326,68.56028052,6.401823847,Canada,Canada,R53692,MANULIFE FINANCIAL CORP,MANULIFE FINANCIAL CORP,MFCCN,VCIT,19962000,2032-03-16T00:00:00,1000,2000,Other,18649716.53,18649716.53,0,0,0,0,0,0,0,0,0,0,0,50738332687,0.000367567,1.69943E-05,0.002311468,0.00010687,0.161328966,0.007458996,2.94215E-06,1.36029E-07,1.26289E-05,5.83891E-07,2.56907E-05,1.1878E-06,6.03731E-05,2.79133E-06,0.000111945,5.17572E-06,0.001869228,8.64232E-05,0.000228661,1.05721E-05,0,0,0,0,0,0,0,0,0,0,0,0,MFCCN,2022-03-16T00:00:00,SENIOR,CA,Investment Grade Credit,Financial,Insurance,Life Insurance,2031-12-16T00:00:00,C,56501RAN6,Cash Bond,USD,Developed,Investment Grade Credit,Financial,Insurance,Life Insurance,A Rated,Canada,MFCCN,SENIOR,North America Corp,Financial,Insurance,Life Insurance,MANULIFE FINANCIAL CORP,A,Other,0,0,0,0,0,0,0,-0.7046,Not Rated,0.9986,-0.7933,1.1732,-0.1742,-0.8807,0.5653,-0.0329,0.9135,0.9239,-0.2288,750000,1.8504,MFCCN,Other,Other,Other,2,750000,0.000350572,0.002204598,0.153869969,2.80612E-06,1.2045E-05,2.45029E-05,5.75817E-05,0.000106769,0.001782804,0.000218089,0,0,0,0,0,0,93.42609222,2,100000,FALSE,FALSE,0,150000,24520817.28,FALSE,FALSE,FALSE,81.83,19962000,0.000350572,750000000,750000000,2022-03-16T00:00:00.000Z,Canada,A,Developed,Secondary Exposure,A,A,FIG_56501RAN6,56501RAN6,0,False,False,True,1,1,0,1,-0.000326451,438.9108388,OTHER,krd7y,7.389459274,7.140314853,2.611909651,7.140314853,True,VGI,Cash Bonds,USD,N,1.68759E-05,Positive,Z-score > -1.5,USD,Developed,Investment Grade Credit,Financial,Insurance,Life Insurance,MFCCN__R53692__Senior,A,Insurance,0,0,0.000367567,0,0,0.002311468,0,0,0,0,0,0,0,0,0.161328966,0,0,2.94215E-06,0,0,1.26289E-05,0,0,2.56907E-05,0,0,6.03731E-05,0,0,0.000111945,0,0,0.001869228,0,0,0.000228661,0,0,0,0,0,0,0,0,0,0,0,0,0,0,0,0,0,0,N,MFCCN,Investment Grade Credit,Insurance,Life Insurance,A,A,Financial,56501RAN6,VCIT | VCIT (bench)
1545,US655844CR73,USD,655844CR7,Unassigned,BND,CORP,5.05,EOD,USD,0,0,0,0,0,0.041874546,0.086822903,0.011475942,0.204483095,0,0,3.017766205,1.505991377,4.868414068,54.42123404,4.955960388,United States,United States,655844,NORFOLK SOUTHERN CORPORATION,NORFOLK SOUTHERN CORPORATION,NSC,VCIT,18328000,2030-08-01T00:00:00,1000,2000,Other,18895007.25,18895007.25,0,0,0,0,0,0,0,0,0,0,0,50738332687,0.000372401,6.29221E-05,0.001813002,0.000306331,0.100440088,0.016970685,4.27365E-06,7.2209E-07,1.55941E-05,2.63483E-06,3.23329E-05,5.46308E-06,7.61497E-05,1.28665E-05,0.001123819,0.000189884,0.000560833,9.47601E-05,0,0,0,0,0,0,0,0,0,0,0,0,0,0,NSC,2023-08-02T00:00:00,SENIOR,US,Investment Grade Credit,Industrial,Transportation,Railroads,2030-06-01T00:00:00,C,655844CR7,Cash Bond,USD,Developed,Investment Grade Credit,Industrial,Transportation,Railroads,BBB Rated,United States,NSC,SENIOR,North America Corp,Industrial,Transportation,Railroads,NORFOLK SOUTHERN CORPORATION,BBB,Other,0,0,0,0,0,0,0,1.632,Outperform,-0.4231,0.2268,-0.2782,-0.2275,1.5106,1.5122,-0.3862,-0.618,-0.9272,-0.4695,600000,1.9782,NSC,Other,Other,Other,7,600000,0.000309479,0.001506672,0.083469403,3.55156E-06,1.29593E-05,2.68699E-05,6.32832E-05,0.000933935,0.000466073,0,0,0,0,0,0,0,103.0936668,2,100000,FALSE,FALSE,0,600000,22189858.02,FALSE,FALSE,FALSE,81.83,18328000,0.001436069,600000000,600000000,2023-08-02T00:00:00.000Z,US,BBB,Developed,Secondary Exposure,BBB,BBB,FIG_655844CR7,655844CR7,0,False,False,True,1,1,0,1,7.43024E-05,269.7094802,OTHER,krd5y,5.765913758,5.59890486,1.232032854,5.59890486,True,VGI,Cash Bonds,USD,N,0.000450264,Negative,Z-score > -1.5,USD,Developed,Investment Grade Credit,Industrial,Transportation,Railroads,NSC__655844__Senior,BBB,Transportation,0,0,0.000372401,0,0,0.001813002,0,0,0,0,0,0,0,0,0.100440088,0,0,4.27365E-06,0,0,1.55941E-05,0,0,3.23329E-05,0,0,7.61497E-05,0,0,0.001123819,0,0,0.000560833,0,0,0,0,0,0,0,0,0,0,0,0,0,0,0,0,0,0,0,0,0,N,NSC,Investment Grade Credit,Transportation,Railroads,BBB,BBB,Industrial,655844CR7,VCIT | VCIT (bench)
1546,US655844CT30,USD,655844CT3,Unassigned,BND,CORP,5.55,EOD,USD,4.485279075,0,0,0,0,0.04564008,0.092952775,0.010707754,0.21806374,0,0,0.40377863,1.963717663,7.220139718,74.71118924,7.353190963,United States,United States,655844,NORFOLK SOUTHERN CORPORATION,NORFOLK SOUTHERN CORPORATION,NSC,VCIT,13420000,2034-03-15T00:00:00,1000,2000,Other,14092532.56,14092532.56,0,0,0,0,0,0,0,0,0,0,0,50738332687,0.000277749,6.75918E-05,0.002005388,0.000488023,0.152585881,0.037132639,2.97407E-06,7.23757E-07,1.26765E-05,3.0849E-06,2.58176E-05,6.28285E-06,6.0567E-05,1.47393E-05,0.000112149,2.72921E-05,0.000545421,0.000132731,0.001245783,0.000303168,0,0,0,0,0,0,0,0,0,0,0,0,NSC,2023-11-22T00:00:00,SENIOR,US,Investment Grade Credit,Industrial,Transportation,Railroads,2033-12-15T00:00:00,C,655844CT3,Cash Bond,USD,Developed,Investment Grade Credit,Industrial,Transportation,Railroads,BBB Rated,United States,NSC,SENIOR,North America Corp,Industrial,Transportation,Railroads,NORFOLK SOUTHERN CORPORATION,BBB,Other,0,0,0,0,0,0,0,-0.2769,Outperform,0.6548,0.812,0.6548,0.8232,0.4788,1.3147,0.4394,0.4442,0.5435,0.4394,400000,2.1518,NSC,Other,Other,Other,6,400000,0.000210157,0.001517366,0.115453242,2.25031E-06,9.5916E-06,1.95347E-05,4.58277E-05,8.48571E-05,0.00041269,0.000942614,0,0,0,0,0,0,105.01142,2,100000,FALSE,FALSE,0,60000,21925033.61,FALSE,FALSE,FALSE,81.83,13445000,0.001436069,400000000,400000000,2023-11-22T00:00:00.000Z,US,BBB,Developed,Secondary Exposure,BBB,BBB,FIG_655844CT3,655844CT3,0,False,False,True,1,1,0,1,0.000490322,549.3656415,OTHER,krd10y,9.385352498,9.138945927,0.925393566,9.138945927,True,VGI,Cash Bonds,USD,N,0.000450264,Positive,Z-score > -1.5,USD,Developed,Investment Grade Credit,Industrial,Transportation,Railroads,NSC__655844__Senior,BBB,Transportation,0,0,0.000277749,0,0,0.002005388,0,0,0,0,0,0,0,0,0.152585881,0,0,2.97407E-06,0,0,1.26765E-05,0,0,2.58176E-05,0,0,6.0567E-05,0,0,0.000112149,0,0,0.000545421,0,0,0.001245783,0,0,0,0,0,0,0,0,0,0,0,0,0,0,0,0,0,0,N,NSC,Investment Grade Credit,Transportation,Railroads,BBB,BBB,Industrial,655844CT3,VCIT | VCIT (bench)
1811,US75513EAD31,USD,75513EAD3,Unassigned,BND,CORP,2.25,EOD,USD,0,0,0,0,0,0.021924485,0.044782626,0.005815647,0.105733869,0,0,3.352004149,1.642121597,5.172382373,63.22553446,5.267321528,United States,United States,913017,RTX CORP,RTX CORP,RTX,VCIT,34763000,2030-07-01T00:00:00,1000,2000,Other,30758139.11,30758139.11,0,0,0,0,0,0,0,0,0,0,0,50738332687,0.000606211,0.00016353,0.003135555,0.00084584,0.201886,0.054460319,3.52551E-06,9.51034E-07,1.32909E-05,3.58531E-06,2.71477E-05,7.32331E-06,6.4097E-05,1.72907E-05,0.002032022,0.000548154,0.000995472,0.000268536,0,0,0,0,0,0,0,0,0,0,0,0,0,0,RTX,2020-05-18T00:00:00,SENIOR,US,Investment Grade Credit,Industrial,Capital Goods,Aerospace/Defense,2030-04-01T00:00:00,C,75513EAD3,Cash Bond,USD,Developed,Investment Grade Credit,Industrial,Capital Goods,Aerospace/Defense,BBB Rated,United States,RTX,SENIOR,North America Corp,Industrial,Capital Goods,Aerospace/Defense,RTX CORP,BBB,Other,0,0,0,0,0,0,0,0.0802,Marketperform,-1.0977,-0.2212,0.2177,-0.5269,0.0043,-0.884,-0.3604,-0.8646,-1.2026,-0.4582,1000000,-0.5331,RTX,Other,Other,Other,7,1000000,0.000442681,0.002289715,0.147425681,2.57448E-06,9.70555E-06,1.98244E-05,4.68064E-05,0.001483868,0.000726936,0,0,0,0,0,0,0,88.47953027,2,100000,FALSE,FALSE,0,135000,17038685.15,FALSE,FALSE,FALSE,81.83,34818000,0.003273814,1000000000,1000000000,2020-05-18T00:00:00.000Z,US,BBB,Developed,Secondary Exposure,BBB,BBB,FIG_75513EAD3,75513EAD3,0,False,False,True,1,1,0,1,-0.000171326,333.0292187,OTHER,krd5y,5.681040383,5.431895962,4.438056126,5.431895962,True,VGI,Cash Bonds,USD,N,0.000240944,Negative,Z-score > -1.5,USD,Developed,Investment Grade Credit,Industrial,Capital Goods,Aerospace/Defense,RTX__913017__Senior,BBB,Capital Goods,0,0,0.000606211,0,0,0.003135555,0,0,0,0,0,0,0,0,0.201886,0,0,3.52551E-06,0,0,1.32909E-05,0,0,2.71477E-05,0,0,6.4097E-05,0,0,0.002032022,0,0,0.000995472,0,0,0,0,0,0,0,0,0,0,0,0,0,0,0,0,0,0,0,0,0,N,RTX,Investment Grade Credit,Capital Goods,Aerospace/Defense,BBB,BBB,Industrial,75513EAD3,VCIT | VCIT (bench)
1834,US759351AP49,USD,759351AP4,Unassigned,BND,CORP,3.15,EOD,USD,0,0,0,0,0,0.029596449,0.059906303,0.007388821,0.140790991,0,0,3.333568415,1.420964571,4.992215551,79.7972391,5.079945235,United States,United States,759351,REINSURANCE GROUP OF AMERICA INC,REINSURANCE GROUP OF AMERICA INC,RGA,VCIT,16110000,2030-06-15T00:00:00,1000,2000,Other,14912666.81,14912666.81,0,0,0,0,0,0,0,0,0,0,0,50738332687,0.000293913,1.60321E-05,0.001467278,8.00358E-05,0.119142311,0.00649887,2.17167E-06,1.18458E-07,8.69879E-06,4.74494E-07,1.76073E-05,9.60425E-07,4.13803E-05,2.25718E-06,0.00097978,5.34442E-05,0.00041764,2.27811E-05,0,0,0,0,0,0,0,0,0,0,0,0,0,0,RGA,2020-06-09T00:00:00,SENIOR,US,Investment Grade Credit,Financial,Insurance,Life Insurance,2030-03-15T00:00:00,C,759351AP4,Cash Bond,USD,Developed,Investment Grade Credit,Financial,Insurance,Life Insurance,BBB Rated,United States,RGA,SENIOR,North America Corp,Financial,Insurance,Life Insurance,REINSURANCE GROUP OF AMERICA INC,BBB,Other,0,0,0,0,0,0,0,0.9366,Not Rated,0.3562,1.0468,0.6011,0.1135,0.7382,0.014,-0.2395,0.1203,0.0832,-0.5128,600000,1.6094,RGA,Other,Other,Other,5,600000,0.000277881,0.001387242,0.112643441,2.05321E-06,8.22429E-06,1.66468E-05,3.91232E-05,0.000926336,0.000394859,0,0,0,0,0,0,0,92.56776416,2,100000,FALSE,FALSE,0,150000,24452743.73,FALSE,FALSE,FALSE,81.83,16235000,0.000824047,600000000,600000000,2020-06-09T00:00:00.000Z,US,BBB,Developed,Secondary Exposure,BBB,BBB,FIG_759351AP4,759351AP4,0,False,False,True,1,1,0,1,0.000893652,405.3656045,OTHER,krd5y,5.637234771,5.385352498,4.377823409,5.385352498,True,VGI,Cash Bonds,USD,N,-0.000142553,Positive,Z-score > -1.5,USD,Developed,Investment Grade Credit,Financial,Insurance,Life Insurance,RGA__759351__Senior,BBB,Insurance,0,0,0.000293913,0,0,0.001467278,0,0,0,0,0,0,0,0,0.119142311,0,0,2.17167E-06,0,0,8.69879E-06,0,0,1.76073E-05,0,0,4.13803E-05,0,0,0.00097978,0,0,0.00041764,0,0,0,0,0,0,0,0,0,0,0,0,0,0,0,0,0,0,0,0,0,N,RGA,Investment Grade Credit,Insurance,Life Insurance,BBB,BBB,Financial,759351AP4,VCIT | VCIT (bench)
1842,US760759BA74,USD,760759BA7,Unassigned,BND,CORP,2.375,EOD,USD,3.070997781,0,0,0,0,0.024780967,0.050455723,0.005815177,0.118315206,0,0,0.218958815,3.87121148,7.36053515,77.64648838,7.499661704,United States,United States,R55482,REPUBLIC SERVICES INC,REPUBLIC SERVICES INC,RSG,VCIT,15802000,2033-03-15T00:00:00,1000,2000,Other,13084800.48,13084800.48,0,0,0,0,0,0,0,0,0,0,0,50738332687,0.000257888,-3.21141E-05,0.001898193,-0.000236377,0.150173881,-0.018700731,1.49966E-06,-1.86749E-07,6.39071E-06,-7.95817E-07,1.30119E-05,-1.62034E-06,3.05121E-05,-3.79958E-06,5.64668E-05,-7.03165E-06,0.000998338,-0.00012432,0.000791973,-9.86222E-05,0,0,0,0,0,0,0,0,0,0,0,0,RSG,2021-11-08T00:00:00,SENIOR,US,Investment Grade Credit,Industrial,Capital Goods,Environmental,2032-12-15T00:00:00,C,760759BA7,Cash Bond,USD,Developed,Investment Grade Credit,Industrial,Capital Goods,Environmental,BBB Rated,United States,RSG,SENIOR,North America Corp,Industrial,Capital Goods,Environmental,REPUBLIC SERVICES INC,BBB,Other,0,0,0,0,0,0,0,-0.9977,Underperform,0.1875,-1.5424,0.6052,-1.4395,-0.8797,-0.4418,-0.2779,-0.9074,-0.843,0.1876,700000,-0.2498,RSG,Other,Other,Other,7,700000,0.000290002,0.002134569,0.168874613,1.68641E-06,7.18653E-06,1.46323E-05,3.43116E-05,6.34985E-05,0.001122659,0.000890595,0,0,0,0,0,0,82.80471129,2,100000,FALSE,FALSE,0,150000,27011513.73,FALSE,FALSE,FALSE,81.83,15802000,0.002074097,700000000,700000000,2021-11-08T00:00:00.000Z,US,BBB,Developed,Secondary Exposure,BBB,BBB,FIG_760759BA7,760759BA7,0,False,False,True,1,1,0,1,-0.001053974,582.3223953,OTHER,krd7y,8.386036961,8.13963039,2.962354552,8.13963039,True,VGI,Cash Bonds,USD,N,-8.79055E-05,Negative,Z-score > -1.5,USD,Developed,Investment Grade Credit,Industrial,Capital Goods,Environmental,RSG__R55482__Senior,BBB,Capital Goods,0,0,0.000257888,0,0,0.001898193,0,0,0,0,0,0,0,0,0.150173881,0,0,1.49966E-06,0,0,6.39071E-06,0,0,1.30119E-05,0,0,3.05121E-05,0,0,5.64668E-05,0,0,0.000998338,0,0,0.000791973,0,0,0,0,0,0,0,0,0,0,0,0,0,0,0,0,0,0,N,RSG,Investment Grade Credit,Capital Goods,Environmental,BBB,BBB,Industrial,760759BA7,VCIT | VCIT (bench)
1843,US760759BC31,USD,760759BC3,Unassigned,BND,CORP,5,EOD,USD,4.813616176,0,0,0,0,0.043176828,0.087336757,0.008995215,0.205017255,0,0,0.380198064,1.855430396,7.39377069,77.55742591,7.530324626,United States,United States,R55482,REPUBLIC SERVICES INC,REPUBLIC SERVICES INC,RSG,VCIT,20570000,2034-04-01T00:00:00,1000,2000,Other,20658515.06,20658515.06,0,0,0,0,0,0,0,0,0,0,0,50738332687,0.000407158,5.17936E-06,0.003010432,3.8295E-05,0.237793509,0.003024916,3.66247E-06,4.65895E-08,1.75798E-05,2.23628E-07,3.55599E-05,4.52349E-07,8.34744E-05,1.06186E-06,0.000154801,1.96918E-06,0.000755453,9.60995E-06,0.001959902,2.49315E-05,0,0,0,0,0,0,0,0,0,0,0,0,RSG,2023-03-28T00:00:00,SENIOR,US,Investment Grade Credit,Industrial,Capital Goods,Environmental,2034-01-01T00:00:00,C,760759BC3,Cash Bond,USD,Developed,Investment Grade Credit,Industrial,Capital Goods,Environmental,BBB Rated,United States,RSG,SENIOR,North America Corp,Industrial,Capital Goods,Environmental,REPUBLIC SERVICES INC,BBB,Other,0,0,0,0,0,0,0,-1.0448,Underperform,0.3807,-0.0105,0.608,-0.3671,-1.1729,0.6739,-0.7497,0.0596,-0.0212,-0.9132,800000,0.3253,RSG,Other,Other,Other,9,800000,0.000401979,0.002972137,0.234768592,3.61588E-06,1.73562E-05,3.51075E-05,8.24125E-05,0.000152831,0.000745843,0.001934971,0,0,0,0,0,0,100.4303114,2,100000,FALSE,FALSE,0,150000,24985549.18,FALSE,FALSE,FALSE,81.83,20705000,0.002074097,800000000,800000000,2023-03-28T00:00:00.000Z,US,BBB,Developed,Secondary Exposure,BBB,BBB,FIG_760759BC3,760759BC3,0,False,False,True,1,1,0,1,-3.54089E-06,584.0325942,OTHER,krd10y,9.431895962,9.185489391,1.579739904,9.185489391,True,VGI,Cash Bonds,USD,N,-8.79055E-05,Positive,Z-score > -1.5,USD,Developed,Investment Grade Credit,Industrial,Capital Goods,Environmental,RSG__R55482__Senior,BBB,Capital Goods,0,0,0.000407158,0,0,0.003010432,0,0,0,0,0,0,0,0,0.237793509,0,0,3.66247E-06,0,0,1.75798E-05,0,0,3.55599E-05,0,0,8.34744E-05,0,0,0.000154801,0,0,0.000755453,0,0,0.001959902,0,0,0,0,0,0,0,0,0,0,0,0,0,0,0,0,0,0,N,RSG,Investment Grade Credit,Capital Goods,Environmental,BBB,BBB,Industrial,760759BC3,VCIT | VCIT (bench)
2153,US907818FX12,USD,907818FX1,Unassigned,BND,CORP,2.8,EOD,USD,0.584542253,0,0,0,0,0.026872776,0.055301956,0.007178237,0.131318779,0,0,0.243033231,5.373671411,6.421918644,51.06809269,6.544172804,United States,United States,90782B,UNION PACIFIC CORPORATION,UNION PACIFIC CORPORATION,UNP,VCIT,27514000,2032-02-14T00:00:00,1000,1000,Other,24537698.49,24537698.49,0,0,0,0,0,0,0,0,0,0,0,50738332687,0.000483613,-7.41356E-05,0.003105721,-0.000476093,0.161622578,-0.024776009,3.47149E-06,-5.32163E-07,1.2996E-05,-1.99223E-06,2.67447E-05,-4.09985E-06,6.35074E-05,-9.7354E-06,0.000117534,-1.80174E-05,0.002598775,-0.00039838,0.000282692,-4.33354E-05,0,0,0,0,0,0,0,0,0,0,0,0,UNP,2022-02-14T00:00:00,SENIOR,US,Investment Grade Credit,Industrial,Transportation,Railroads,2031-12-15T00:00:00,C,907818FX1,Cash Bond,USD,Developed,Investment Grade Credit,Industrial,Transportation,Railroads,A Rated,United States,UNP,SENIOR,North America Corp,Industrial,Transportation,Railroads,UNION PACIFIC CORPORATION,A,Other,0,0,0,0,0,0,0,0.0597,Underperform,-1.1704,0.4602,-0.9286,-0.195,0.1968,-0.2728,-0.6514,-0.7862,-1.0579,-0.8286,1250000,0.5094,UNP,Other,Other,Other,8,1250000,0.000557748,0.003581814,0.186398587,4.00365E-06,1.49882E-05,3.08446E-05,7.32428E-05,0.000135551,0.002997156,0.000326027,0,0,0,0,0,0,89.18259244,2,100000,FALSE,FALSE,0,300000,29147988.51,FALSE,FALSE,FALSE,81.83,27514000,0.001790174,1250000000,1250000000,2022-02-14T00:00:00.000Z,US,A,Developed,Secondary Exposure,A,A,FIG_907818FX1,907818FX1,0,False,False,True,1,1,0,1,0.000178503,334.1984233,OTHER,krd7y,7.3045859,7.137577002,2.694045175,7.137577002,True,VGI,Cash Bonds,USD,N,-0.0002614,Negative,Z-score > -1.5,USD,Developed,Investment Grade Credit,Industrial,Transportation,Railroads,UNP__90782B__Senior,A,Transportation,0,0,0.000483613,0,0,0.003105721,0,0,0,0,0,0,0,0,0.161622578,0,0,3.47149E-06,0,0,1.2996E-05,0,0,2.67447E-05,0,0,6.35074E-05,0,0,0.000117534,0,0,0.002598775,0,0,0.000282692,0,0,0,0,0,0,0,0,0,0,0,0,0,0,0,0,0,0,N,UNP,Investment Grade Credit,Transportation,Railroads,A,A,Industrial,907818FX1,VCIT | VCIT (bench)
2458,US91324PEJ75,USD,91324PEJ7,Unassigned,BND,CORP,4.2,EOD,USD,0.871089774,0,0,0,0,0.03732737,0.075170662,0.008090709,0.177975462,0,0,0.329321421,4.722180055,6.221155453,59.11307233,6.333266606,United States,United States,91058A,UNITEDHEALTH GROUP INC,UNITEDHEALTH GROUP INC,UNH,VCIT,38879000,2032-05-15T00:00:00,1000,2000,Other,38256015.12,38256015.12,0,0,0,0,0,0,0,0,0,0,0,50738332687,0.000753986,1.55317E-05,0.004690667,9.66252E-05,0.282276576,0.005814747,6.10028E-06,1.25663E-07,2.81443E-05,5.79758E-07,5.66777E-05,1.16753E-06,0.000134191,2.76426E-06,0.000248304,5.11493E-06,0.00356046,7.33436E-05,0.00065679,1.35295E-05,0,0,0,0,0,0,0,0,0,0,0,0,UNH,2022-05-20T00:00:00,SENIOR,US,Investment Grade Credit,Financial,Insurance,Health Insurance,2032-02-15T00:00:00,C,91324PEJ7,Cash Bond,USD,Developed,Investment Grade Credit,Financial,Insurance,Health Insurance,A Rated,United States,UNH,SENIOR,North America Corp,Financial,Insurance,Health Insurance,UNITEDHEALTH GROUP INC,A,Other,0,0,0,0,0,0,0,-0.1967,Marketperform,0.2408,-0.9359,0.6315,-1.2558,-0.0209,-1.3468,-1.43,-1.4111,-1.2875,-1.0947,1500000,-1.4797,UNH,Other,Other,Other,10,1500000,0.000738455,0.004594042,0.276461829,5.97462E-06,2.75646E-05,5.55101E-05,0.000131427,0.000243189,0.003487116,0.00064326,0,0,0,0,0,0,98.39763141,2,100000,FALSE,FALSE,0,108000,24498068.46,FALSE,FALSE,FALSE,81.83,38984000,0.007936866,1500000000,1500000000,2022-05-20T00:00:00.000Z,US,A,Developed,Secondary Exposure,A,A,FIG_91324PEJ7,91324PEJ7,0,False,False,True,1,1,0,1,-0.000993417,374.3788469,OTHER,krd7y,7.553730322,7.307323751,2.43394935,7.307323751,True,VGI,Cash Bonds,USD,Y,0,Negative,Z-score > -1.5,USD,Developed,Investment Grade Credit,Financial,Insurance,Health Insurance,UNH__91058A__Senior,A,Insurance,0,0,0.000753986,0,0,0.004690667,0,0,0,0,0,0,0,0,0.282276576,0,0,6.10028E-06,0,0,2.81443E-05,0,0,5.66777E-05,0,0,0.000134191,0,0,0.000248304,0,0,0.00356046,0,0,0.00065679,0,0,0,0,0,0,0,0,0,0,0,0,0,0,0,0,0,0,Y,UNH,Investment Grade Credit,Insurance,Health Insurance,A,A,Financial,91324PEJ7,VCIT | VCIT (bench)
